Duration (in seconds),Response ID,condition,concern,frequency,sources,list,subjective ,1,2,3,4,5,6,7,8,9,10,11,12,13,14,15,16,17,18,19,20,21,22,23,24,25,26,27,28,29,30,31,32,33,34,35,36,37,38,39,40,41,42,43,44,45,46,47,48,49,50,51,52,53,54,55,56,57,58,59,60,61,62,63,64,65,66,67,68,69,70,71,72,73,74,75,76,77,78,79,80,encounter,exhaustion ,s1,s2,s3,s4,s5,s6,s7,s8,s9,s10,s11,"partisanship
","
Partisanship2",age,gender,gender2,Warwick_ResponseID,,true50-1.1 - Display Order,fake100-1.2 - Display Order,true50-1.3 - Display Order,true100-2 - Display Order,true16-3.1 - Display Order,fake100-3.2 - Display Order,true68-3.3 - Display Order,true16-3.4 - Display Order
573,R_10BKzX1uaWwjp1q,All True,4,4,3,"Newspaper, web, tv",60,58,42,57,51,56,56,59,55,57,53,71,59,43,59,65,26,54,47,54,96,56,50,56,40,44,41,40,41,55,21,55,40,44,75,58,54,55,2,57,55,60,68,45,48,55,55,38,64,46,44,28,57,63,51,55,63,43,98,44,34,51,37,45,63,65,57,18,40,53,98,56,57,57,46,54,55,52,52,52,52,47,2,3,2,1,3,2,2,4,2,3,5,4,Independent,,18,Female,,280a476b577e1df31e38,,,,,Q357|Q387|Q391|Q359|Q367|Q318|Q353|Q344|Q388|Q405|Q392|Q363|Q399|Q376|Q336|Q389|Q368|Q334|Q329|Q396|Q384|Q340|Q393|Q395|Q333|Q407|Q326|Q351|Q346|Q369|Q406|Q348|Q375|Q320|Q324|Q381|Q377|Q383|Q370|Q349|Q352|Q382|Q327|Q355|Q330|Q332|Q385|Q380|Q317|Q338|Q371|Q412|Q390|Q339|Q358|Q365|Q373|Q410|Q404|Q356|Q394|Q315|Q372|Q361|Q364|Q411|Q408|Q354|Q362|Q402|Q342|Q398|Q325|Q386|Q316|Q345|Q347|Q321|Q331|Q374,,,,
758,R_1gvwtqC2kHU4fie,More Fake,5,3,2,"bbc news, the sun",25,88,69,33,89,83,81,89,75,76,33,23,0,20,88,33,28,72,5,14,59,64,5,11,52,27,13,20,20,11,32,17,26,9,19,6,3,12,65,8,64,15,25,15,67,78,29,23,69,33,9,76,63,17,78,34,13,65,16,23,91,11,15,80,33,66,81,11,72,73,63,7,92,32,100,77,85,71,89,29,64,59,5,5,2,4,1,1,2,4,4,2,4,4,Democrat,,19,Female,,f9321fa60fcd0a31b44a,,Q53|Q35|Q61|Q29|Q62|Q34|Q47|Q26,Q172|Q197|Q125|Q158|Q171|Q213|Q178|Q149|Q179|Q115|Q173|Q145|Q136|Q195|Q184|Q192|Q119|Q210|Q169|Q161|Q130|Q202|Q117|Q135|Q180|Q137|Q148|Q199|Q204|Q181|Q121|Q150|Q163|Q189|Q209|Q153|Q128|Q188|Q183|Q198|Q174|Q131|Q152|Q185|Q162|Q193|Q139|Q133|Q212|Q166|Q182|Q155|Q201|Q176|Q208|Q164|Q165|Q206|Q211|Q205|Q129|Q142|Q190|Q203,Q291|Q290|Q270|Q272|Q288|Q303|Q310|Q313,,,,,
1054,R_2uPuxIQkPYMb0IU,All True,3,3,3,"BBC news app, Guardian social media, other news social media sites such as SYSCA",50,71,39,39,75,82,78,69,57,69,81,32,36,65,39,82,81,62,63,35,23,66,67,63,63,34,69,66,24,73,30,73,63,34,74,66,71,31,77,9,34,68,73,69,26,100,85,69,79,16,65,57,67,65,79,31,59,27,58,76,68,90,63,61,71,63,78,68,35,15,61,75,89,64,88,75,77,71,77,76,29,40,4,2,2,4,1,1,2,2,2,3,4,4,Other,,18,Female,,ff030600d503f187daba,,,,,Q387|Q372|Q349|Q332|Q316|Q389|Q320|Q382|Q344|Q350|Q359|Q375|Q403|Q328|Q352|Q343|Q353|Q363|Q369|Q329|Q370|Q334|Q378|Q357|Q409|Q368|Q397|Q354|Q383|Q338|Q405|Q330|Q331|Q333|Q337|Q340|Q324|Q373|Q367|Q406|Q366|Q396|Q315|Q325|Q386|Q327|Q393|Q318|Q388|Q392|Q395|Q374|Q400|Q381|Q408|Q358|Q319|Q360|Q364|Q339|Q413|Q401|Q346|Q407|Q390|Q385|Q321|Q341|Q379|Q394|Q410|Q345|Q348|Q323|Q351|Q326|Q384|Q399|Q377|Q380,,,,
761,R_1BPzH66PsTV75il,All True,3,2,1,BBC news via google,80,17,79,60,62,19,30,100,69,62,30,54,72,82,62,72,11,66,61,60,76,72,33,7,27,24,19,70,28,32,7,24,60,38,25,66,55,72,19,13,33,21,23,58,64,36,73,73,20,65,27,29,63,63,65,3,32,23,33,74,61,67,30,47,66,28,71,35,27,24,26,78,34,72,75,18,65,67,25,42,46,68,5,4,4,4,1,2,2,4,5,1,2,4,Democrat,,18,Female,,deef03f3210e7712403f,,,,,Q328|Q357|Q323|Q331|Q321|Q381|Q377|Q412|Q333|Q334|Q351|Q350|Q327|Q405|Q391|Q341|Q320|Q386|Q326|Q356|Q375|Q392|Q388|Q348|Q390|Q363|Q407|Q342|Q368|Q366|Q380|Q346|Q319|Q395|Q378|Q365|Q338|Q403|Q332|Q397|Q336|Q347|Q374|Q335|Q383|Q367|Q354|Q409|Q398|Q322|Q373|Q352|Q370|Q379|Q400|Q369|Q329|Q355|Q330|Q410|Q389|Q343|Q340|Q344|Q371|Q349|Q387|Q345|Q404|Q315|Q361|Q406|Q402|Q384|Q372|Q362|Q317|Q401|Q339|Q396,,,,
1083,R_3I6nYOpMOVBV3MY,More Fake,3,2,1,BBC news,61,71,40,32,30,40,41,60,61,21,9,25,79,82,62,0,59,21,5,20,58,65,11,90,15,94,16,12,18,72,66,81,86,0,72,0,91,76,3,0,0,8,0,66,5,69,73,33,64,96,20,66,65,31,21,89,82,77,89,40,93,90,15,77,21,70,13,85,1,26,100,2,90,94,7,93,78,80,94,10,90,72,4,5,5,5,1,1,4,5,5,4,4,1,Democrat,,19,Female,,44ba1afbdef1c7f627e2,,Q44|Q53|Q34|Q36|Q20|Q45|Q29|Q24,Q152|Q170|Q190|Q116|Q143|Q133|Q163|Q151|Q185|Q138|Q126|Q146|Q122|Q182|Q119|Q159|Q174|Q199|Q161|Q175|Q188|Q165|Q200|Q176|Q132|Q149|Q203|Q167|Q118|Q114|Q210|Q180|Q208|Q154|Q117|Q136|Q197|Q183|Q187|Q173|Q160|Q124|Q169|Q130|Q164|Q192|Q189|Q184|Q166|Q162|Q172|Q115|Q206|Q212|Q207|Q120|Q193|Q179|Q204|Q125|Q127|Q123|Q186|Q211,Q279|Q305|Q302|Q265|Q297|Q296|Q281|Q267,,,,,
1199,R_1MQdM86Loj51abi,All True,1,2,3,Titok instagram BBC,61,95,83,33,66,62,43,70,76,73,95,61,35,71,61,72,84,76,36,71,70,15,32,68,66,74,77,76,75,74,66,26,55,77,74,95,74,76,73,77,68,75,33,80,54,71,67,78,74,86,71,78,35,72,70,69,69,78,67,89,73,75,67,77,31,15,37,72,85,26,74,77,72,83,82,31,74,71,72,25,23,55,5,5,4,4,4,1,3,2,5,4,4,5,Democrat,,19,Female,,3f34ba18503f5a592dd9,,,,,Q413|Q371|Q374|Q343|Q379|Q366|Q391|Q326|Q402|Q369|Q398|Q408|Q356|Q315|Q333|Q412|Q396|Q365|Q334|Q403|Q339|Q362|Q349|Q360|Q319|Q342|Q329|Q345|Q359|Q353|Q387|Q331|Q320|Q357|Q380|Q323|Q383|Q314|Q394|Q405|Q368|Q354|Q410|Q407|Q321|Q384|Q375|Q388|Q385|Q346|Q381|Q409|Q338|Q370|Q390|Q404|Q358|Q344|Q348|Q322|Q406|Q392|Q317|Q382|Q337|Q327|Q386|Q363|Q341|Q350|Q389|Q316|Q340|Q395|Q352|Q336|Q361|Q318|Q325|Q372,,,,
2077,R_10ovRcb7CoNIYpy,More Fake,3,1,1,BBC news,30,70,70,100,70,100,40,80,60,0,80,9,75,10,60,0,56,30,80,51,14,60,20,10,60,0,29,30,60,80,0,25,31,90,50,82,61,75,35,10,0,30,10,0,0,80,0,82,10,70,65,25,75,80,71,70,45,76,0,10,9,20,13,80,0,85,0,40,0,0,71,71,61,60,55,18,45,98,44,44,44,60,4,4,3,4,1,2,2,2,4,2,4,4,Democrat,,18,Female,,34e8eed80a2dc7ddb298,,Q55|Q57|Q22|Q31|Q47|Q40|Q32|Q26,Q116|Q157|Q188|Q170|Q200|Q145|Q185|Q183|Q203|Q195|Q160|Q149|Q129|Q135|Q208|Q152|Q150|Q159|Q163|Q190|Q165|Q124|Q134|Q173|Q193|Q186|Q156|Q143|Q114|Q119|Q118|Q181|Q131|Q197|Q177|Q162|Q205|Q211|Q130|Q154|Q172|Q202|Q115|Q179|Q207|Q153|Q133|Q139|Q161|Q189|Q175|Q117|Q132|Q212|Q123|Q125|Q169|Q142|Q148|Q204|Q146|Q155|Q187|Q128,Q273|Q291|Q282|Q292|Q289|Q288|Q309|Q298,,,,,
2074,R_1E58qwr4ZM4e90w,More Fake,4,3,2,"BBC, Sky News",40,51,60,39,80,75,60,50,20,31,53,21,64,25,67,9,0,33,33,35,0,47,60,40,29,64,23,42,28,0,54,28,8,71,70,60,34,0,43,0,40,24,34,31,9,25,50,34,51,31,54,0,23,6,30,65,40,83,9,62,0,0,24,40,0,19,80,10,27,51,60,71,37,41,28,44,46,39,37,63,37,39,4,4,3,4,3,1,3,4,3,2,2,2,Independent,,19,Female,,213b00fce501560e8e07,,Q59|Q49|Q26|Q40|Q31|Q22|Q19|Q35,Q185|Q137|Q178|Q115|Q146|Q140|Q145|Q183|Q158|Q207|Q131|Q133|Q159|Q153|Q148|Q160|Q147|Q128|Q179|Q209|Q181|Q196|Q201|Q161|Q149|Q171|Q199|Q118|Q167|Q184|Q190|Q212|Q116|Q155|Q173|Q156|Q188|Q213|Q193|Q175|Q200|Q122|Q172|Q164|Q123|Q154|Q121|Q206|Q182|Q114|Q134|Q139|Q117|Q138|Q141|Q151|Q187|Q205|Q180|Q197|Q192|Q168|Q198|Q120,Q289|Q279|Q270|Q311|Q274|Q292|Q286|Q275,,,,,
1110,R_2tu6iJA6ZHO9UuS,More Fake,3,2,1,Google News,0,70,87,60,29,95,26,56,88,65,35,75,19,82,57,57,57,72,51,71,59,54,21,76,19,78,76,61,71,71,100,67,42,78,58,33,59,70,72,71,72,77,72,62,24,70,28,73,64,71,72,75,85,63,29,83,76,20,71,11,60,21,59,35,71,80,27,75,71,63,74,44,71,25,71,82,72,70,35,71,30,17,4,4,4,4,2,3,2,2,3,3,2,3,Independent,,18,Female,,d9a48ae7c55d1e4c1e78,,Q57|Q34|Q23|Q54|Q14|Q18|Q49|Q42,Q135|Q136|Q131|Q152|Q127|Q117|Q194|Q128|Q198|Q156|Q210|Q114|Q185|Q167|Q154|Q197|Q158|Q175|Q157|Q208|Q183|Q138|Q181|Q190|Q123|Q170|Q202|Q142|Q149|Q147|Q173|Q133|Q163|Q199|Q176|Q171|Q144|Q179|Q122|Q155|Q187|Q188|Q192|Q161|Q124|Q130|Q160|Q205|Q174|Q145|Q209|Q146|Q165|Q195|Q153|Q191|Q164|Q150|Q203|Q189|Q121|Q206|Q213|Q166,Q275|Q294|Q299|Q312|Q311|Q291|Q279|Q269,,,,,
978,R_3HRqyTWGoyPt4nK,All True,3,2,1,BBC,41,50,62,60,53,62,61,50,50,85,50,29,61,50,53,50,67,61,85,50,19,50,40,71,42,74,81,61,20,40,61,50,61,50,61,50,50,71,54,99,61,42,61,72,50,29,29,50,83,63,58,30,0,50,38,91,19,65,50,28,28,56,50,18,50,50,50,60,62,73,50,50,71,82,63,54,50,82,37,50,17,50,4,2,2,4,2,1,2,4,5,2,3,4,Other,None,18,Female,,b3e07127dd98dbe5fe93,,,,,Q338|Q373|Q394|Q402|Q404|Q385|Q340|Q409|Q395|Q332|Q358|Q374|Q363|Q368|Q319|Q365|Q361|Q366|Q387|Q314|Q328|Q347|Q315|Q406|Q412|Q391|Q351|Q334|Q380|Q359|Q317|Q325|Q345|Q399|Q390|Q392|Q400|Q388|Q339|Q371|Q321|Q405|Q335|Q407|Q330|Q323|Q413|Q396|Q375|Q327|Q379|Q411|Q322|Q343|Q369|Q352|Q350|Q318|Q356|Q393|Q348|Q360|Q384|Q377|Q324|Q353|Q382|Q381|Q320|Q357|Q342|Q386|Q383|Q389|Q333|Q336|Q378|Q341|Q370|Q355,,,,
3752,R_R2H3XxMPRUcBDuV,All True,3,2,2,"News, Social Media",25,70,60,80,65,20,80,60,30,10,60,60,70,75,70,10,60,40,60,60,40,60,70,60,40,40,30,60,70,40,10,60,90,70,60,30,30,60,60,20,30,60,60,20,60,80,80,40,75,10,60,30,65,10,10,70,10,90,65,30,70,70,60,10,80,40,75,40,30,70,30,70,30,80,30,70,85,40,90,70,40,40,3,4,1,4,1,1,1,1,4,2,2,2,Independent,,18,Female,,9bd1de09c255b869be36,,,,,Q412|Q349|Q350|Q359|Q353|Q397|Q383|Q373|Q388|Q385|Q413|Q351|Q386|Q357|Q405|Q344|Q380|Q403|Q387|Q339|Q337|Q348|Q400|Q407|Q394|Q326|Q375|Q364|Q409|Q358|Q362|Q314|Q396|Q395|Q384|Q333|Q411|Q354|Q371|Q345|Q328|Q392|Q324|Q368|Q330|Q355|Q402|Q381|Q352|Q366|Q347|Q393|Q408|Q377|Q361|Q321|Q376|Q319|Q398|Q356|Q338|Q323|Q320|Q404|Q372|Q331|Q374|Q346|Q391|Q389|Q317|Q315|Q370|Q369|Q410|Q340|Q390|Q342|Q322|Q334,,,,
723,R_3EGpuGxa2LCPRId,More Fake,2,1,1,BBC News,30,61,37,63,85,29,30,40,72,36,26,81,30,26,7,21,99,29,77,70,28,5,59,76,69,60,79,65,11,100,0,27,38,75,84,88,32,6,14,11,68,6,26,0,8,68,7,34,23,41,29,40,10,2,70,4,19,59,62,62,17,56,0,25,33,93,33,88,75,62,51,68,22,78,13,29,68,65,80,29,94,67,2,5,5,5,1,2,3,3,4,4,3,4,Other,,19,Female,,44770d1d1cb57402e059,,Q44|Q53|Q42|Q31|Q18|Q62|Q21|Q29,Q188|Q169|Q181|Q170|Q185|Q143|Q148|Q136|Q191|Q187|Q152|Q127|Q212|Q201|Q168|Q196|Q163|Q203|Q210|Q180|Q120|Q172|Q205|Q194|Q202|Q153|Q114|Q204|Q171|Q140|Q116|Q145|Q166|Q130|Q125|Q178|Q195|Q137|Q123|Q135|Q164|Q174|Q131|Q118|Q119|Q213|Q211|Q179|Q146|Q209|Q117|Q167|Q184|Q161|Q198|Q155|Q150|Q129|Q165|Q115|Q157|Q197|Q141|Q192,Q303|Q285|Q289|Q297|Q270|Q268|Q291|Q274,,,,,
1602,R_1NlbC8e6ldoPZEn,More Fake,2,2,1,BBC,9,100,86,100,11,56,100,99,71,0,17,2,14,0,50,2,0,34,18,45,0,26,14,70,74,58,45,28,47,28,55,11,0,25,43,0,8,10,61,0,44,53,54,0,41,14,43,31,11,13,3,35,7,45,22,45,31,11,4,11,22,11,35,19,60,30,6,0,16,14,28,0,41,73,45,38,57,55,61,95,35,81,4,2,4,4,1,1,2,4,4,2,2,5,Democrat,,19,Female,,8edaa74fea8d9617f895,,Q37|Q45|Q15|Q49|Q47|Q56|Q54|Q59,Q150|Q125|Q136|Q186|Q201|Q116|Q178|Q166|Q137|Q158|Q177|Q189|Q208|Q212|Q157|Q188|Q134|Q155|Q163|Q117|Q204|Q185|Q141|Q115|Q151|Q129|Q169|Q161|Q144|Q160|Q170|Q149|Q182|Q138|Q174|Q128|Q139|Q190|Q175|Q172|Q122|Q191|Q209|Q179|Q183|Q213|Q195|Q153|Q119|Q181|Q142|Q200|Q133|Q126|Q206|Q173|Q123|Q199|Q162|Q180|Q131|Q114|Q184|Q159,Q294|Q304|Q267|Q283|Q281|Q286|Q306|Q285,,,,,
2671,R_3EGeEUyQyEBRll4,All True,3,2,1,bbc news,,68,65,36,61,66,72,70,66,50,73,30,61,35,50,37,61,70,55,50,70,68,50,29,40,40,42,50,61,27,12,29,38,68,71,60,31,35,60,50,29,61,50,32,21,41,31,65,36,39,61,50,30,15,70,14,50,50,9,50,65,10,60,50,30,66,50,50,61,50,50,40,50,50,71,21,60,50,48,48,48,45,5,3,4,4,2,1,3,4,5,2,2,4,Other,,18,Female,,f8db00285145ba02aea8,,,,,Q411|Q357|Q361|Q378|Q402|Q332|Q326|Q341|Q329|Q380|Q362|Q400|Q359|Q351|Q409|Q367|Q345|Q369|Q364|Q405|Q394|Q356|Q319|Q371|Q366|Q343|Q321|Q316|Q404|Q360|Q330|Q412|Q387|Q406|Q391|Q352|Q392|Q395|Q365|Q337|Q386|Q335|Q315|Q379|Q348|Q350|Q410|Q408|Q322|Q403|Q382|Q372|Q384|Q407|Q336|Q325|Q363|Q396|Q358|Q328|Q317|Q331|Q334|Q347|Q374|Q355|Q399|Q385|Q390|Q398|Q318|Q375|Q342|Q324|Q388|Q320|Q333|Q376|Q314|Q327,,,,
1620,R_25T9xSHMXVTueBv,All True,2,2,3,"BBC news, sky news, itv news",40,31,28,22,63,21,20,31,31,69,13,69,25,32,71,33,29,70,29,30,66,68,23,21,30,29,80,70,71,66,64,32,71,28,70,33,70,13,20,33,24,77,66,90,31,9,23,71,21,70,69,30,20,75,0,12,71,65,64,33,72,20,93,71,72,26,37,20,68,70,40,66,72,22,71,89,32,64,47,47,47,63,3,4,2,4,1,1,2,3,2,2,3,2,Democrat,,19,Female,,1724ebf8ed8391a03f32,,,,,Q384|Q338|Q412|Q353|Q382|Q352|Q320|Q360|Q350|Q354|Q333|Q369|Q322|Q316|Q364|Q406|Q371|Q345|Q395|Q380|Q362|Q413|Q390|Q329|Q328|Q399|Q349|Q374|Q319|Q356|Q393|Q370|Q318|Q365|Q368|Q324|Q315|Q378|Q405|Q408|Q337|Q332|Q376|Q386|Q388|Q398|Q383|Q400|Q323|Q381|Q401|Q314|Q403|Q389|Q325|Q394|Q343|Q361|Q355|Q321|Q330|Q327|Q367|Q391|Q340|Q357|Q397|Q358|Q351|Q379|Q411|Q409|Q359|Q375|Q336|Q396|Q377|Q347|Q366|Q387,,,,
610,R_2CZWCCVuF2EqR8O,More Fake,3,2,2,"BBC news app, social media",50,84,19,15,61,73,71,19,9,69,74,6,81,61,81,31,71,33,21,10,67,38,39,11,27,57,16,1,10,0,19,71,70,30,0,69,3,5,29,73,34,71,65,46,72,37,12,33,16,45,74,29,28,65,22,27,35,17,74,66,20,62,38,40,33,67,38,35,10,39,66,75,71,43,63,58,38,34,58,39,42,61,5,1,1,4,1,1,2,3,4,4,4,4,Democrat,,19,Female,,a029a5d10e6573aa476a,,Q58|Q21|Q35|Q46|Q37|Q60|Q62|Q51,Q132|Q151|Q121|Q143|Q191|Q150|Q165|Q134|Q114|Q164|Q149|Q142|Q186|Q209|Q180|Q122|Q153|Q201|Q127|Q148|Q159|Q184|Q157|Q195|Q189|Q202|Q178|Q193|Q181|Q115|Q194|Q187|Q119|Q197|Q196|Q204|Q208|Q154|Q182|Q138|Q137|Q131|Q128|Q167|Q169|Q213|Q206|Q130|Q188|Q205|Q172|Q136|Q212|Q126|Q171|Q185|Q211|Q203|Q177|Q156|Q207|Q144|Q161|Q168,Q264|Q277|Q310|Q282|Q275|Q287|Q273|Q311,,,,,
726,R_2ZX13lVSnBy6M9s,More Fake,3,2,1,sky news ,20,50,71,26,41,50,60,71,70,9,53,81,34,1,50,72,12,74,81,100,15,48,60,25,28,24,79,78,43,75,0,59,89,74,61,0,0,0,1,0,0,0,0,50,9,34,16,74,6,5,50,50,50,15,5,66,57,9,1,50,13,50,50,6,73,50,50,13,50,89,12,50,50,77,50,50,63,80,60,62,50,61,3,4,4,5,2,3,2,5,3,3,3,3,Democrat,,19,Female,,4770ca17e379b9f05628,,Q30|Q21|Q61|Q49|Q32|Q47|Q33|Q41,Q137|Q114|Q174|Q186|Q126|Q177|Q119|Q189|Q194|Q202|Q173|Q165|Q146|Q156|Q117|Q190|Q136|Q127|Q154|Q185|Q118|Q145|Q198|Q195|Q141|Q122|Q129|Q213|Q205|Q175|Q159|Q164|Q170|Q197|Q147|Q188|Q142|Q140|Q166|Q206|Q163|Q178|Q123|Q143|Q180|Q212|Q203|Q168|Q115|Q200|Q183|Q157|Q149|Q144|Q155|Q184|Q167|Q151|Q161|Q176|Q201|Q191|Q187|Q199,Q289|Q287|Q310|Q272|Q279|Q295|Q276|Q285,,,,,
391,R_2qygGXC5wccy8j3,All True,4,3,0,",",78,83,83,27,82,85,77,70,18,75,79,86,73,25,14,12,15,94,26,75,100,1,74,24,78,88,75,97,23,21,89,7,6,92,85,67,100,62,85,81,78,36,79,7,91,13,66,20,81,72,99,27,0,79,80,25,71,67,60,6,73,100,85,77,58,87,25,80,27,79,19,87,99,72,34,84,20,82,69,23,59,80,5,2,5,3,3,1,4,4,3,3,3,2,Other,,18,Female,,0d2255b60d0df3503d83,,,,,Q358|Q315|Q363|Q385|Q380|Q400|Q328|Q365|Q408|Q348|Q366|Q350|Q343|Q376|Q391|Q377|Q319|Q356|Q346|Q361|Q323|Q317|Q411|Q374|Q393|Q379|Q399|Q344|Q341|Q382|Q387|Q352|Q333|Q381|Q413|Q345|Q338|Q324|Q386|Q336|Q330|Q394|Q398|Q405|Q359|Q396|Q351|Q364|Q395|Q347|Q349|Q389|Q370|Q320|Q373|Q322|Q357|Q354|Q339|Q329|Q369|Q406|Q378|Q332|Q353|Q326|Q360|Q368|Q331|Q335|Q316|Q410|Q321|Q384|Q314|Q392|Q412|Q388|Q390|Q403,,,,
2886,R_1OVprSWLFNwUr9k,All True,5,2,2,"bbc news - usually online, news that comes up on social media (not very reliable though)",31,100,89,71,66,64,61,67,60,43,59,66,65,58,63,64,61,66,58,57,71,67,56,58,50,50,64,58,70,43,50,50,66,65,63,66,64,61,63,40,31,67,42,65,41,40,82,50,50,61,50,50,50,63,50,19,19,50,66,59,57,56,61,54,73,63,50,40,63,63,69,62,50,38,62,61,68,69,90,50,64,50,2,3,3,4,3,2,2,3,4,3,3,3,Democrat,,18,Female,,f2f476c9a77ddabcae93,,,,,Q351|Q403|Q386|Q389|Q372|Q412|Q407|Q387|Q374|Q370|Q411|Q408|Q350|Q334|Q339|Q385|Q401|Q391|Q405|Q337|Q402|Q349|Q400|Q327|Q388|Q336|Q364|Q341|Q352|Q315|Q399|Q409|Q394|Q366|Q382|Q354|Q413|Q345|Q381|Q367|Q322|Q363|Q392|Q329|Q362|Q320|Q358|Q314|Q328|Q395|Q338|Q355|Q380|Q396|Q398|Q361|Q318|Q357|Q390|Q356|Q375|Q342|Q340|Q330|Q348|Q379|Q332|Q368|Q377|Q346|Q406|Q325|Q360|Q397|Q333|Q393|Q317|Q359|Q323|Q373,,,,
802,R_xtEUO3bR6x73kRj,More Fake,2,1,2,"""news articles"",""social media pages""",66,57,83,66,22,37,81,56,37,32,24,15,40,23,60,81,16,12,41,60,24,24,11,78,83,14,58,35,58,67,66,23,5,9,9,0,0,8,33,15,34,30,35,71,82,24,35,32,20,34,41,81,35,1,6,10,22,14,33,57,14,63,62,16,39,71,71,60,31,47,92,83,63,38,40,40,40,40,40,40,40,75,4,1,3,4,1,2,2,2,5,4,3,4,Other,None,18,Female,,f5ce48f1ad659d94a8c1,,Q35|Q41|Q43|Q45|Q57|Q50|Q44|Q34,Q126|Q136|Q164|Q123|Q118|Q199|Q172|Q129|Q141|Q168|Q197|Q169|Q138|Q116|Q211|Q171|Q132|Q185|Q158|Q157|Q163|Q207|Q188|Q181|Q162|Q134|Q160|Q213|Q125|Q137|Q191|Q121|Q135|Q152|Q178|Q146|Q154|Q180|Q156|Q117|Q165|Q174|Q212|Q200|Q115|Q210|Q173|Q206|Q142|Q153|Q122|Q143|Q175|Q184|Q198|Q177|Q209|Q189|Q170|Q205|Q130|Q204|Q114|Q131,Q306|Q291|Q301|Q285|Q274|Q295|Q303|Q282,,,,,
2031,R_1OjlzonZUpg2Gkp,More Fake,5,5,2,"social media, news apps",42,0,59,13,72,89,61,75,17,0,50,0,0,0,65,11,57,19,0,0,0,63,68,0,0,31,25,8,0,74,51,0,0,68,100,88,0,9,0,0,0,3,0,21,0,23,19,72,50,17,23,0,0,25,36,11,0,13,27,0,0,0,0,4,0,0,51,55,0,87,81,15,56,5,80,30,67,75,81,90,59,70,2,2,2,3,2,1,2,3,4,1,2,4,Democrat,,18,Non-binary / third gender,,4466a16ccac0b9bf9f04,,Q33|Q21|Q32|Q47|Q28|Q44|Q20|Q37,Q121|Q209|Q162|Q139|Q192|Q118|Q188|Q163|Q159|Q129|Q148|Q199|Q125|Q171|Q140|Q179|Q177|Q130|Q170|Q143|Q195|Q120|Q184|Q161|Q208|Q142|Q167|Q147|Q178|Q138|Q114|Q128|Q134|Q204|Q194|Q157|Q207|Q205|Q196|Q153|Q164|Q191|Q186|Q211|Q131|Q158|Q160|Q213|Q133|Q197|Q127|Q210|Q181|Q141|Q144|Q201|Q176|Q146|Q152|Q137|Q190|Q198|Q155|Q135,Q295|Q266|Q271|Q305|Q310|Q300|Q290|Q283,,,,,
1620,R_D0ufEMeV8LA3IRz,All True,2,2,1,online news app,22,75,89,76,35,64,71,46,94,17,75,40,30,29,75,73,70,53,51,55,85,25,77,32,55,74,80,99,42,13,73,37,34,75,92,28,81,75,56,25,18,64,89,35,48,66,67,69,35,58,65,61,66,61,47,18,41,42,3,55,30,13,19,66,93,85,70,75,72,95,68,92,86,37,11,39,85,96,46,46,49,44,5,3,3,3,1,2,2,3,4,3,4,5,Other,no political position,18,Female,,4d81cb184bd1e5d12686,,,,,Q401|Q334|Q386|Q337|Q396|Q381|Q409|Q323|Q351|Q388|Q348|Q357|Q350|Q382|Q331|Q315|Q332|Q314|Q389|Q393|Q375|Q363|Q346|Q383|Q365|Q349|Q366|Q376|Q407|Q333|Q373|Q358|Q329|Q367|Q394|Q399|Q319|Q413|Q362|Q412|Q400|Q379|Q408|Q371|Q364|Q387|Q336|Q368|Q402|Q380|Q322|Q326|Q398|Q325|Q406|Q320|Q403|Q369|Q360|Q343|Q328|Q340|Q356|Q377|Q341|Q353|Q354|Q317|Q378|Q374|Q344|Q411|Q318|Q324|Q404|Q330|Q384|Q405|Q339|Q397,,,,
2391,R_5zJxh5Oga0bBKrD,More Fake,4,2,1,BBC,90,62,66,59,88,37,20,58,65,35,3,26,1,44,36,42,46,20,5,24,53,0,94,71,1,36,29,25,52,86,78,4,7,48,51,47,32,40,4,4,4,32,5,4,0,4,1,17,40,29,5,47,46,34,51,47,10,57,41,34,45,45,26,22,35,19,100,19,56,3,7,83,24,30,30,37,32,65,98,80,57,93,5,4,4,4,1,2,2,4,4,4,3,5,Other,,18,Female,,ec1142e05ba15a2b2ace,,Q15|Q45|Q62|Q49|Q38|Q30|Q33|Q17,Q188|Q204|Q197|Q174|Q140|Q186|Q195|Q124|Q131|Q145|Q206|Q136|Q134|Q169|Q175|Q192|Q133|Q166|Q152|Q176|Q116|Q163|Q157|Q173|Q167|Q114|Q201|Q181|Q135|Q139|Q158|Q128|Q183|Q122|Q207|Q130|Q119|Q210|Q168|Q118|Q155|Q143|Q159|Q146|Q172|Q208|Q127|Q162|Q147|Q203|Q149|Q178|Q189|Q193|Q144|Q150|Q154|Q179|Q165|Q202|Q164|Q190|Q123|Q213,Q285|Q304|Q267|Q305|Q279|Q283|Q301|Q277,,,,,
42896,R_Xo0KrXP3GIBJL1f,All True,4,2,4,daily mail,57,41,91,19,88,46,79,85,69,85,100,73,51,38,58,89,86,60,25,78,84,63,68,100,40,62,95,65,91,79,67,51,59,41,91,73,71,52,94,90,89,60,56,69,46,43,30,69,68,55,100,71,10,51,38,84,66,87,0,65,48,79,78,95,55,100,51,90,14,52,86,94,51,95,92,74,54,82,61,88,67,41,3,5,5,5,3,2,2,5,4,3,2,4,Republican,,18,Female,,24d8224f16a333934e8f,,,,,Q343|Q373|Q316|Q398|Q361|Q410|Q394|Q409|Q338|Q403|Q320|Q315|Q334|Q397|Q359|Q376|Q375|Q372|Q371|Q374|Q342|Q321|Q400|Q346|Q323|Q360|Q366|Q386|Q399|Q395|Q336|Q332|Q396|Q340|Q326|Q349|Q327|Q358|Q402|Q350|Q352|Q365|Q317|Q379|Q355|Q363|Q369|Q322|Q406|Q393|Q404|Q362|Q382|Q329|Q411|Q354|Q407|Q388|Q380|Q391|Q339|Q351|Q368|Q335|Q381|Q314|Q344|Q389|Q370|Q353|Q324|Q331|Q384|Q390|Q330|Q387|Q357|Q319|Q347|Q356,,,,
1769,R_3iwAHJVoVjId1wT,All True,4,1,6,"I usually scroll through a news app, with multiple papers and sources ",71,80,91,67,72,79,28,86,78,76,63,86,29,76,67,45,81,65,72,30,86,74,61,18,68,70,78,69,85,40,26,76,87,78,82,73,90,84,25,34,70,32,37,50,74,61,88,35,20,77,84,34,73,15,86,53,18,69,26,73,73,65,17,72,69,69,66,24,50,91,69,69,57,79,75,75,85,64,87,81,65,66,4,4,4,4,1,3,1,1,4,3,5,4,Other,Unsure ,20,Female,,9c3d55a47837b2966dee,,,,,Q325|Q365|Q340|Q381|Q329|Q317|Q376|Q382|Q322|Q401|Q397|Q335|Q333|Q366|Q390|Q413|Q411|Q370|Q341|Q354|Q375|Q353|Q334|Q336|Q398|Q338|Q407|Q372|Q320|Q351|Q405|Q360|Q368|Q395|Q352|Q363|Q385|Q367|Q331|Q321|Q389|Q332|Q357|Q392|Q410|Q347|Q406|Q315|Q323|Q343|Q393|Q345|Q378|Q387|Q355|Q346|Q344|Q384|Q402|Q349|Q359|Q409|Q383|Q380|Q339|Q377|Q412|Q371|Q388|Q394|Q408|Q326|Q350|Q403|Q386|Q369|Q319|Q361|Q374|Q318,,,,
864,R_ODpcy6YAdPzqsfv,All True,3,3,0,I don't read the news ,8,11,31,40,41,81,61,64,0,40,35,44,55,25,22,30,57,58,61,69,77,65,61,59,57,19,26,39,74,0,60,66,61,41,69,26,41,39,56,74,36,33,74,25,63,31,28,29,72,39,59,61,47,22,40,40,35,43,46,35,57,58,58,62,37,62,36,57,38,40,66,35,62,42,17,61,78,51,55,32,33,50,5,5,5,5,1,5,1,1,5,5,5,5,Democrat,,18,Female,,d38f323bb9e963c3eacd,,,,,Q397|Q346|Q334|Q378|Q356|Q337|Q321|Q353|Q360|Q351|Q333|Q410|Q411|Q371|Q347|Q368|Q319|Q393|Q323|Q314|Q327|Q345|Q380|Q349|Q402|Q388|Q376|Q361|Q365|Q350|Q369|Q366|Q367|Q406|Q318|Q354|Q392|Q339|Q375|Q332|Q391|Q400|Q362|Q352|Q359|Q387|Q408|Q357|Q384|Q374|Q413|Q329|Q348|Q385|Q389|Q409|Q358|Q373|Q326|Q404|Q330|Q401|Q412|Q341|Q379|Q315|Q317|Q342|Q395|Q396|Q335|Q377|Q331|Q316|Q325|Q355|Q381|Q324|Q386|Q394,,,,
1006,R_2CK51SA8hHxp9Mu,More Fake,2,1,1,BBC News,30,25,72,76,26,25,80,34,22,0,35,24,28,0,0,32,27,25,38,24,26,33,34,26,24,78,22,79,7,27,72,14,21,27,10,99,70,73,100,0,37,78,32,6,6,21,33,35,71,30,24,22,40,19,25,0,30,31,25,69,27,24,28,14,40,37,31,21,0,39,20,72,71,24,76,18,75,88,6,73,36,70,3,5,5,5,1,1,1,1,3,1,4,3,Democrat,,20,Female,,1b8687b171f8ad4c2672,,Q16|Q41|Q38|Q31|Q48|Q33|Q45|Q18,Q166|Q122|Q171|Q121|Q132|Q202|Q137|Q161|Q151|Q118|Q128|Q157|Q213|Q201|Q114|Q181|Q180|Q162|Q211|Q117|Q184|Q178|Q170|Q174|Q183|Q204|Q149|Q188|Q165|Q144|Q116|Q123|Q148|Q159|Q199|Q179|Q176|Q126|Q158|Q129|Q153|Q169|Q212|Q120|Q208|Q145|Q125|Q130|Q193|Q155|Q175|Q192|Q142|Q131|Q140|Q127|Q207|Q194|Q143|Q191|Q156|Q190|Q139|Q195,Q275|Q297|Q278|Q309|Q273|Q302|Q307|Q306,,,,,
3222,R_129EwmV151VOeqE,More Fake,3,1,1,bbc,60,71,32,82,60,61,57,64,59,19,14,23,23,28,7,10,0,28,73,19,4,0,1,0,10,35,28,8,12,58,59,5,25,30,65,25,3,10,40,1,0,4,0,6,7,37,0,19,0,0,10,4,7,55,15,8,30,60,3,2,2,4,21,0,21,2,1,17,0,18,26,3,60,7,55,42,15,61,15,55,68,64,4,2,2,4,1,1,1,4,2,2,2,2,Democrat,,19,Female,,e7ae7c588f6fbcb41b6d,,Q35|Q17|Q18|Q61|Q32|Q54|Q36|Q48,Q152|Q128|Q211|Q165|Q151|Q134|Q161|Q181|Q126|Q179|Q202|Q177|Q129|Q192|Q147|Q160|Q208|Q180|Q200|Q122|Q132|Q171|Q124|Q203|Q137|Q190|Q130|Q145|Q114|Q120|Q150|Q185|Q133|Q188|Q187|Q121|Q146|Q140|Q207|Q195|Q115|Q205|Q197|Q131|Q158|Q198|Q167|Q175|Q148|Q182|Q143|Q206|Q213|Q123|Q184|Q157|Q189|Q172|Q204|Q201|Q196|Q135|Q155|Q173,Q274|Q284|Q293|Q296|Q305|Q278|Q282|Q302,,,,,
3628,R_1jVdZxgR6U6r78i,All True,5,3,3,Chinese News Serviceï¼_BCï¼_eople's daily online,30,60,60,42,90,56,64,35,74,77,60,66,56,81,51,61,58,59,60,73,39,43,69,46,28,73,59,27,67,59,51,61,45,68,68,77,40,67,36,59,68,56,41,64,37,64,78,58,61,57,72,74,61,67,45,66,56,60,58,54,68,47,61,60,10,62,70,61,60,40,63,59,45,66,61,45,66,51,58,58,58,41,5,5,5,4,2,5,2,2,3,4,4,4,Republican,,19,Female,,de1cad2687a0159d8210,,,,,Q383|Q322|Q400|Q317|Q363|Q321|Q389|Q342|Q398|Q314|Q315|Q377|Q369|Q361|Q372|Q411|Q371|Q376|Q392|Q395|Q396|Q349|Q404|Q391|Q324|Q320|Q341|Q318|Q348|Q331|Q413|Q338|Q402|Q358|Q381|Q340|Q346|Q380|Q370|Q333|Q351|Q387|Q406|Q328|Q367|Q379|Q368|Q362|Q345|Q365|Q403|Q334|Q350|Q357|Q390|Q394|Q388|Q393|Q359|Q410|Q327|Q382|Q352|Q407|Q385|Q326|Q378|Q339|Q397|Q337|Q409|Q405|Q316|Q330|Q412|Q366|Q373|Q399|Q323|Q325,,,,
1213,R_1i5psvwCQACYLGh,More Fake,3,2,2,"BBC, CNN",30,20,80,51,18,87,71,51,4,52,18,0,68,28,44,61,30,52,32,5,5,46,28,27,1,61,25,26,71,15,83,7,14,27,32,24,32,39,39,3,80,32,52,11,35,16,69,32,65,48,38,29,17,16,12,20,57,23,12,0,45,0,0,6,20,36,52,21,28,28,25,45,72,26,40,22,70,66,76,85,35,50,2,4,4,4,2,2,3,3,3,3,4,4,Other,-,20,Female,,60fd50170d223c13b0e8,,Q59|Q26|Q46|Q37|Q31|Q48|Q40|Q34,Q188|Q191|Q200|Q197|Q124|Q130|Q193|Q118|Q203|Q116|Q195|Q146|Q133|Q156|Q161|Q166|Q206|Q119|Q117|Q192|Q179|Q139|Q159|Q178|Q176|Q131|Q132|Q173|Q142|Q157|Q164|Q208|Q135|Q150|Q213|Q127|Q202|Q186|Q148|Q209|Q122|Q180|Q175|Q181|Q140|Q184|Q137|Q160|Q138|Q154|Q145|Q162|Q134|Q155|Q169|Q190|Q170|Q144|Q210|Q187|Q129|Q151|Q143|Q152,Q312|Q299|Q298|Q287|Q304|Q277|Q272|Q278,,,,,
675,R_3nryCQlNIQyDhtO,More Fake,4,1,2,"""Twitter"", ""TV""",50,69,45,32,0,0,68,62,25,0,0,0,74,0,0,0,69,73,0,0,0,0,93,0,0,0,74,0,0,0,71,31,13,66,0,68,0,0,0,0,0,82,21,0,0,100,0,1,67,68,70,0,0,0,72,0,0,0,1,0,75,0,0,0,0,0,100,0,75,0,73,49,67,63,3,69,100,24,77,100,2,72,5,4,4,5,1,1,1,5,1,1,1,1,Democrat,,20,Female,,a77f755a2f5d1e5e8060,,Q56|Q19|Q55|Q20|Q31|Q51|Q33|Q47,Q161|Q200|Q202|Q155|Q119|Q189|Q146|Q190|Q132|Q136|Q123|Q186|Q149|Q165|Q210|Q197|Q169|Q188|Q125|Q143|Q185|Q117|Q173|Q116|Q121|Q134|Q191|Q148|Q163|Q174|Q144|Q178|Q194|Q128|Q157|Q142|Q206|Q127|Q164|Q129|Q130|Q183|Q175|Q162|Q212|Q133|Q172|Q193|Q208|Q176|Q196|Q177|Q154|Q156|Q147|Q211|Q166|Q160|Q168|Q184|Q171|Q158|Q209|Q203,Q280|Q312|Q268|Q290|Q305|Q266|Q295|Q271,,,,,
771,R_3nk1YI3O3flgmJA,All True,2,1,1,Apple news,20,44,61,59,35,73,35,60,62,29,31,63,63,66,70,76,31,60,58,36,39,40,37,66,34,36,74,31,28,28,24,28,26,61,61,68,76,59,68,58,28,40,41,40,40,37,50,44,38,38,62,13,28,29,62,58,33,24,41,37,32,39,38,22,66,36,66,59,36,29,84,67,74,34,32,30,67,41,67,57,32,41,4,4,3,3,1,1,2,2,4,3,4,3,Democrat,,18,Female,,0ffbb5b9c242b560e8f3,,,,,Q328|Q338|Q401|Q411|Q318|Q357|Q362|Q341|Q378|Q317|Q375|Q410|Q367|Q334|Q322|Q331|Q348|Q346|Q323|Q356|Q347|Q399|Q379|Q333|Q391|Q403|Q388|Q406|Q339|Q382|Q387|Q377|Q373|Q374|Q330|Q370|Q354|Q315|Q343|Q384|Q336|Q355|Q360|Q368|Q394|Q404|Q395|Q393|Q352|Q349|Q353|Q409|Q332|Q340|Q320|Q327|Q359|Q335|Q383|Q324|Q326|Q325|Q351|Q386|Q397|Q396|Q371|Q364|Q408|Q390|Q314|Q319|Q413|Q398|Q366|Q380|Q412|Q407|Q363|Q376,,,,
1001,R_2alPIaU51nHx39L,More Fake,4,2,2,"Twitter, BBC News",24,62,71,47,44,92,66,88,65,37,45,1,67,0,34,0,46,32,54,24,0,40,0,83,49,0,30,38,66,21,21,81,23,0,42,12,57,29,12,50,3,50,33,0,32,29,0,10,62,15,56,62,63,0,30,62,74,62,46,2,24,15,9,0,5,50,44,45,66,5,10,0,1,49,69,42,54,50,52,82,62,79,4,5,4,4,1,1,1,3,4,3,3,2,Independent,,18,Female,,8be91affd403eeebce07,,Q33|Q58|Q37|Q32|Q54|Q34|Q16|Q47,Q149|Q179|Q145|Q115|Q206|Q153|Q201|Q159|Q176|Q191|Q121|Q169|Q174|Q143|Q136|Q137|Q155|Q133|Q211|Q126|Q202|Q164|Q204|Q177|Q118|Q129|Q163|Q116|Q207|Q198|Q170|Q182|Q162|Q173|Q195|Q189|Q151|Q156|Q150|Q134|Q125|Q180|Q175|Q120|Q212|Q142|Q197|Q196|Q203|Q172|Q158|Q152|Q205|Q167|Q117|Q187|Q194|Q119|Q190|Q144|Q160|Q127|Q139|Q132,Q266|Q280|Q275|Q290|Q291|Q300|Q306|Q294,,,,,
1612,R_3NJq8AhyWObVDBC,All True,3,2,2,"BBC news, the Telegraph",35,76,82,38,75,66,86,75,34,35,52,76,37,72,72,74,37,77,29,40,69,30,72,34,67,29,77,42,69,6,66,68,67,27,70,77,78,78,69,78,34,64,82,21,24,44,30,78,24,13,30,78,27,25,73,33,61,76,17,80,30,16,79,76,34,75,37,35,30,56,23,76,60,67,39,74,75,75,10,82,80,61,3,2,4,5,2,2,2,3,3,2,4,2,Democrat,,18,Male,,e79a7687b2c6b5756fb9,,,,,Q398|Q348|Q401|Q383|Q362|Q376|Q349|Q331|Q366|Q368|Q392|Q384|Q387|Q370|Q314|Q315|Q386|Q319|Q391|Q361|Q338|Q353|Q347|Q329|Q351|Q369|Q411|Q410|Q372|Q345|Q388|Q327|Q344|Q373|Q352|Q335|Q395|Q317|Q364|Q339|Q328|Q379|Q356|Q399|Q390|Q375|Q396|Q336|Q360|Q316|Q367|Q318|Q412|Q340|Q382|Q355|Q365|Q334|Q403|Q385|Q346|Q333|Q325|Q358|Q408|Q371|Q374|Q354|Q359|Q337|Q324|Q332|Q322|Q357|Q389|Q406|Q400|Q402|Q343|Q342,,,,
1102,R_3dDP1IfvkkyyhPh,All True,2,1,1,daily mail,60,14,83,81,96,19,21,77,31,73,26,43,91,39,81,71,60,92,67,65,68,29,92,39,97,93,34,75,68,39,18,77,74,25,31,94,84,100,0,76,90,31,25,29,63,44,11,85,0,62,85,18,0,25,0,82,9,19,76,14,35,30,33,75,64,96,66,66,7,77,37,82,84,100,9,63,20,20,11,90,94,30,4,1,3,2,2,1,1,3,2,1,4,1,Democrat,,18,Female,,9c0cc9a9d674feab6f90,,,,,Q344|Q321|Q343|Q402|Q360|Q406|Q395|Q369|Q316|Q388|Q332|Q378|Q390|Q381|Q411|Q405|Q373|Q362|Q372|Q400|Q333|Q342|Q408|Q407|Q352|Q323|Q338|Q341|Q340|Q351|Q348|Q396|Q326|Q361|Q325|Q365|Q359|Q410|Q397|Q398|Q380|Q379|Q376|Q370|Q363|Q335|Q382|Q394|Q329|Q371|Q358|Q383|Q345|Q399|Q319|Q347|Q354|Q356|Q320|Q317|Q392|Q368|Q389|Q384|Q322|Q409|Q391|Q386|Q377|Q336|Q385|Q413|Q330|Q393|Q327|Q353|Q334|Q403|Q349|Q387,,,,
1034,R_1q8ur4jSK0KuTlI,More Fake,4,3,2,"BBC News, ITV news",29,26,64,75,76,61,35,36,85,30,68,21,77,6,75,12,47,23,75,77,66,35,60,31,31,75,65,20,32,73,12,28,27,28,10,72,32,15,26,16,77,58,22,15,29,23,65,35,42,29,72,73,33,27,62,22,28,21,68,31,63,21,28,16,19,26,21,38,71,80,77,64,59,14,79,83,84,78,78,11,21,24,4,4,4,4,2,2,2,2,3,2,3,4,Democrat,,18,Female,,224fe94908a8d824c0fb,,Q52|Q41|Q60|Q25|Q57|Q35|Q59|Q21,Q202|Q188|Q166|Q124|Q175|Q172|Q129|Q168|Q179|Q177|Q167|Q139|Q198|Q209|Q154|Q144|Q136|Q203|Q149|Q205|Q150|Q163|Q133|Q182|Q187|Q119|Q130|Q128|Q174|Q151|Q159|Q127|Q213|Q162|Q170|Q141|Q114|Q164|Q185|Q152|Q190|Q131|Q145|Q211|Q196|Q125|Q181|Q184|Q208|Q121|Q120|Q191|Q165|Q123|Q116|Q201|Q176|Q132|Q135|Q197|Q155|Q153|Q122|Q186,Q297|Q273|Q265|Q289|Q310|Q299|Q298|Q295,,,,,
1233,R_1M52zQS1VyTwqtU,All True,3,2,1,BBC,20,77,75,66,61,10,59,70,53,84,73,57,71,49,69,77,79,63,68,80,70,24,75,19,70,0,23,62,100,56,65,64,75,68,70,65,76,60,68,34,69,75,72,13,22,74,73,75,72,25,65,40,65,67,82,21,55,8,42,100,48,71,34,79,69,77,16,24,58,76,74,78,48,54,26,17,73,74,71,77,78,18,2,4,4,4,2,1,2,3,1,1,2,1,Other,,18,Male,,4bb5cb59ea9ee9798ed7,,,,,Q388|Q346|Q343|Q386|Q316|Q369|Q314|Q318|Q382|Q338|Q381|Q366|Q332|Q367|Q361|Q319|Q378|Q387|Q350|Q348|Q403|Q394|Q402|Q322|Q375|Q320|Q315|Q357|Q374|Q371|Q383|Q345|Q405|Q384|Q325|Q368|Q331|Q380|Q397|Q391|Q407|Q341|Q328|Q379|Q406|Q323|Q396|Q399|Q365|Q336|Q339|Q360|Q317|Q390|Q404|Q413|Q410|Q370|Q412|Q409|Q340|Q335|Q395|Q342|Q333|Q354|Q355|Q351|Q356|Q398|Q344|Q400|Q377|Q408|Q326|Q329|Q393|Q353|Q372|Q324,,,,
6540,R_3QMqrARpa7sNbNb,More Fake,2,1,4,"BBC news, The Guardian, The Sun, Independent ",30,85,77,96,20,13,22,71,100,74,6,34,0,57,65,92,27,27,26,17,87,63,8,17,10,46,21,77,0,52,56,100,0,94,86,83,0,0,7,5,30,3,0,25,82,0,5,80,60,61,83,20,43,0,62,35,0,62,93,5,43,20,4,0,62,77,5,8,26,57,71,71,61,63,66,63,41,83,23,15,35,75,4,2,4,4,1,2,1,1,4,4,4,5,Republican,,19,Female,,159c11296419d8ef4642,,Q34|Q23|Q30|Q55|Q33|Q42|Q44|Q52,Q195|Q118|Q206|Q159|Q142|Q183|Q135|Q136|Q131|Q171|Q132|Q130|Q163|Q150|Q121|Q174|Q204|Q178|Q128|Q203|Q162|Q151|Q184|Q188|Q167|Q180|Q172|Q145|Q161|Q168|Q156|Q213|Q164|Q193|Q192|Q169|Q147|Q123|Q127|Q126|Q155|Q140|Q208|Q146|Q175|Q143|Q124|Q154|Q157|Q125|Q196|Q202|Q138|Q209|Q191|Q194|Q200|Q173|Q179|Q187|Q207|Q198|Q205|Q152,Q280|Q267|Q293|Q294|Q313|Q268|Q283|Q285,,,,,
735,R_3snqwJ103bWcd0c,All True,2,2,1,BBC news online,32,42,92,33,62,54,62,62,52,63,37,52,35,36,43,60,38,64,63,41,63,59,64,40,24,32,62,49,72,39,41,30,61,41,70,56,38,53,33,62,41,63,62,7,63,39,62,35,60,57,63,31,84,65,55,39,40,5,51,30,49,72,48,71,65,37,36,73,61,41,62,60,65,83,61,63,37,61,58,62,62,41,5,5,5,5,2,3,2,4,5,5,5,5,Other,,19,Prefer not to say,,6f9059ec3d823a8c42dd,,,,,Q358|Q392|Q342|Q333|Q370|Q391|Q360|Q353|Q357|Q376|Q413|Q354|Q404|Q363|Q386|Q325|Q356|Q373|Q355|Q359|Q337|Q314|Q410|Q398|Q317|Q345|Q327|Q330|Q401|Q328|Q322|Q351|Q350|Q377|Q346|Q329|Q396|Q324|Q343|Q390|Q384|Q385|Q318|Q315|Q383|Q409|Q368|Q364|Q334|Q365|Q403|Q352|Q374|Q367|Q348|Q412|Q406|Q344|Q393|Q326|Q375|Q316|Q388|Q336|Q400|Q394|Q340|Q395|Q408|Q366|Q380|Q397|Q378|Q332|Q341|Q405|Q335|Q379|Q331|Q320,,,,
1391,R_1ff6cVvpKRGMfq2,More Fake,4,1,2,"BBC,sky news,youtube",72,59,90,62,62,82,3,0,6,37,23,12,54,16,5,22,2,0,2,0,90,0,0,51,22,21,0,21,100,56,0,2,0,0,0,1,0,5,7,8,50,1,80,46,72,45,66,3,17,6,3,0,7,5,5,14,8,3,29,97,0,9,0,19,71,50,28,44,62,0,74,8,79,68,41,27,27,27,27,27,27,81,5,3,4,5,1,1,2,3,4,3,3,4,Other,i am not sure,18,Female,,7269aa44cf770b89210e,,Q48|Q49|Q44|Q38|Q63|Q35|Q61|Q26,Q130|Q159|Q144|Q122|Q161|Q167|Q153|Q205|Q204|Q195|Q190|Q192|Q142|Q150|Q208|Q134|Q188|Q191|Q207|Q162|Q149|Q194|Q182|Q128|Q123|Q203|Q210|Q125|Q185|Q129|Q181|Q141|Q148|Q154|Q164|Q117|Q126|Q136|Q131|Q175|Q169|Q173|Q189|Q171|Q202|Q201|Q158|Q187|Q198|Q139|Q133|Q179|Q127|Q212|Q163|Q168|Q132|Q183|Q211|Q116|Q160|Q170|Q157|Q138,Q275|Q267|Q284|Q297|Q310|Q286|Q298|Q294,,,,,
1043,R_tQZaEN1rW69mGrv,All True,2,2,1,BBC,40,90,100,20,88,82,79,81,83,90,20,100,72,77,71,75,100,80,81,74,100,30,100,75,84,14,78,90,61,90,30,89,76,83,90,80,90,80,60,63,100,83,19,100,80,15,21,90,30,15,100,20,70,20,89,85,87,20,100,20,75,69,29,91,20,57,30,27,84,93,80,69,74,7,24,81,100,30,82,83,40,50,3,2,1,4,1,2,1,1,5,4,4,4,Democrat,,18,Male,,35fcf6446282269be5d6,,,,,Q366|Q324|Q398|Q323|Q397|Q378|Q402|Q409|Q379|Q387|Q383|Q357|Q389|Q390|Q335|Q345|Q375|Q408|Q413|Q377|Q371|Q404|Q365|Q341|Q327|Q343|Q399|Q361|Q381|Q380|Q392|Q406|Q401|Q349|Q353|Q370|Q395|Q331|Q362|Q333|Q319|Q385|Q396|Q318|Q367|Q314|Q316|Q400|Q340|Q412|Q322|Q328|Q373|Q317|Q332|Q337|Q355|Q325|Q344|Q354|Q346|Q410|Q411|Q339|Q351|Q360|Q315|Q405|Q364|Q358|Q391|Q407|Q350|Q329|Q330|Q348|Q359|Q352|Q321|Q393,,,,
561,R_1hKKTBWbZvPg2pW,More Fake,2,1,2,newspapers and journal articles,,31,34,80,78,73,17,38,30,54,62,66,61,68,64,63,58,64,69,67,67,52,61,61,65,64,61,74,68,61,62,65,57,50,60,32,52,50,50,64,50,37,50,63,38,50,52,66,52,45,65,62,56,50,60,47,50,62,54,50,67,50,56,41,66,69,72,52,69,41,69,72,77,57,57,57,57,57,57,57,57,13,5,3,3,4,4,2,3,2,4,3,3,3,Other,,18,Female,,463045cf9fff046fd227,,Q17|Q30|Q24|Q55|Q47|Q21|Q39|Q52,Q194|Q172|Q134|Q122|Q144|Q158|Q118|Q206|Q204|Q203|Q123|Q116|Q129|Q187|Q115|Q145|Q209|Q179|Q166|Q177|Q181|Q161|Q169|Q163|Q188|Q133|Q114|Q178|Q197|Q157|Q151|Q150|Q156|Q199|Q138|Q191|Q126|Q142|Q120|Q141|Q208|Q192|Q200|Q152|Q195|Q159|Q139|Q124|Q131|Q185|Q164|Q147|Q148|Q128|Q212|Q143|Q184|Q205|Q132|Q154|Q174|Q149|Q207|Q160,Q291|Q300|Q310|Q304|Q311|Q290|Q296|Q274,,,,,
1387,R_3iQ0WsDt67mcIYc,All True,3,2,1,BBC News ,40,63,79,24,73,35,46,25,61,73,73,84,68,27,24,73,62,74,29,70,35,27,90,26,34,81,18,62,72,32,35,21,69,34,69,86,29,29,63,72,6,61,25,68,27,71,14,67,28,29,68,61,12,39,20,29,82,39,27,69,34,60,71,30,62,23,17,75,65,19,62,34,63,64,78,71,69,83,14,92,37,46,4,4,4,5,1,1,1,3,4,4,2,3,Other,Labour ,18,Female,,b4477e352c81e37ad252,,,,,Q335|Q347|Q371|Q319|Q340|Q315|Q356|Q378|Q338|Q411|Q326|Q403|Q348|Q387|Q401|Q314|Q334|Q376|Q342|Q332|Q399|Q395|Q396|Q410|Q394|Q377|Q412|Q389|Q388|Q369|Q321|Q379|Q360|Q370|Q392|Q328|Q344|Q316|Q325|Q381|Q351|Q322|Q363|Q397|Q327|Q352|Q366|Q391|Q409|Q333|Q406|Q355|Q400|Q404|Q390|Q341|Q367|Q365|Q362|Q357|Q354|Q374|Q358|Q345|Q383|Q343|Q346|Q323|Q375|Q318|Q329|Q385|Q364|Q382|Q339|Q384|Q317|Q368|Q331|Q408,,,,
1063,R_21gOFRzLKTFChJK,More Fake,3,2,2,"sky, BBC News ",20,81,60,0,99,70,29,39,99,30,0,20,20,8,50,0,50,50,49,0,71,11,100,0,9,9,50,72,62,58,50,0,82,30,50,19,0,30,59,91,13,60,31,28,0,0,0,30,19,0,0,0,32,50,0,50,9,70,18,67,39,0,18,40,20,61,7,71,8,0,31,63,26,71,50,25,32,100,70,100,37,72,4,4,2,4,2,1,1,2,5,2,5,4,Democrat,,19,Female,,209ec14f2e19bca17fa2,,Q59|Q38|Q17|Q52|Q30|Q33|Q28|Q18,Q198|Q192|Q132|Q163|Q206|Q167|Q212|Q127|Q176|Q155|Q166|Q144|Q134|Q116|Q147|Q180|Q152|Q172|Q130|Q149|Q193|Q209|Q122|Q142|Q114|Q194|Q129|Q137|Q136|Q169|Q197|Q187|Q117|Q145|Q213|Q188|Q138|Q119|Q189|Q177|Q160|Q128|Q191|Q204|Q118|Q162|Q158|Q156|Q120|Q183|Q211|Q135|Q148|Q146|Q143|Q154|Q157|Q186|Q126|Q121|Q165|Q125|Q123|Q179,Q309|Q276|Q310|Q275|Q311|Q304|Q267|Q286,,,,,
1505,R_3DtpeuCSVxakAXw,All True,3,4,3,"BBC, Bloomberg, South China Morning Post",40,95,66,45,66,78,69,62,100,72,73,85,81,20,75,3,30,29,73,70,51,37,34,1,45,15,61,79,69,71,69,79,67,65,54,82,79,51,81,93,5,55,13,33,38,61,57,36,71,59,27,63,45,66,79,77,15,61,72,71,83,87,74,39,61,75,55,20,78,31,77,88,85,83,25,51,81,64,62,63,15,31,4,2,4,4,1,3,2,3,4,3,2,2,Democrat,,18,Female,,4060ce367e20ccad5017,,,,,Q411|Q335|Q395|Q333|Q409|Q412|Q360|Q397|Q365|Q408|Q374|Q394|Q339|Q377|Q324|Q314|Q340|Q352|Q407|Q380|Q373|Q406|Q369|Q403|Q367|Q399|Q344|Q332|Q410|Q342|Q396|Q364|Q336|Q345|Q390|Q353|Q384|Q334|Q366|Q387|Q320|Q316|Q378|Q371|Q362|Q337|Q346|Q343|Q381|Q317|Q348|Q323|Q315|Q338|Q405|Q325|Q413|Q393|Q382|Q372|Q376|Q361|Q330|Q359|Q318|Q392|Q401|Q388|Q319|Q363|Q357|Q349|Q385|Q350|Q326|Q347|Q383|Q341|Q391|Q404,,,,
1216,R_3ELmxqTvcgTu7yp,More Fake,3,3,1,BBC news,70,81,61,10,70,35,65,56,0,0,0,0,25,0,0,40,60,79,41,61,26,40,0,30,61,60,20,0,39,22,0,55,0,60,27,0,40,61,29,55,13,10,0,20,0,30,71,61,61,59,39,60,65,0,0,40,64,0,0,32,0,0,23,50,100,0,30,0,19,26,40,0,20,74,50,7,40,27,71,57,27,65,4,4,4,4,2,1,1,2,4,4,4,4,Democrat,,20,Female,,afd515902c811142ee03,,Q43|Q21|Q55|Q63|Q48|Q44|Q38|Q15,Q202|Q155|Q181|Q149|Q179|Q152|Q133|Q173|Q137|Q206|Q212|Q163|Q208|Q138|Q126|Q192|Q187|Q140|Q131|Q184|Q180|Q142|Q210|Q124|Q128|Q157|Q139|Q186|Q150|Q130|Q119|Q182|Q175|Q132|Q195|Q178|Q153|Q165|Q207|Q211|Q136|Q191|Q204|Q188|Q141|Q203|Q193|Q194|Q196|Q129|Q121|Q127|Q200|Q123|Q148|Q144|Q134|Q135|Q199|Q198|Q209|Q151|Q162|Q117,Q274|Q313|Q276|Q297|Q294|Q312|Q309|Q268,,,,,
1295,R_22Jj8oj8fUvYsI9,All True,3,1,1,twitter,60,61,78,57,72,79,93,56,96,32,84,71,82,39,75,79,72,68,55,21,32,50,42,32,72,78,65,70,27,50,52,72,100,90,72,65,77,62,78,68,35,48,77,55,44,36,88,74,41,35,33,37,68,69,45,81,39,20,50,35,60,45,68,57,79,31,64,92,100,36,86,76,84,76,85,38,13,94,74,84,62,40,5,4,4,5,1,1,2,1,5,4,5,5,Democrat,,18,Female,,8a9eec3aba16cdb27f5d,,,,,Q369|Q327|Q354|Q355|Q384|Q328|Q365|Q395|Q394|Q402|Q345|Q396|Q334|Q373|Q385|Q380|Q383|Q389|Q413|Q347|Q378|Q322|Q321|Q360|Q336|Q406|Q410|Q330|Q353|Q356|Q405|Q397|Q316|Q362|Q364|Q343|Q375|Q391|Q388|Q332|Q403|Q367|Q376|Q366|Q357|Q341|Q324|Q338|Q333|Q377|Q370|Q314|Q358|Q349|Q361|Q325|Q319|Q359|Q374|Q411|Q315|Q352|Q348|Q317|Q339|Q320|Q326|Q393|Q400|Q381|Q382|Q401|Q363|Q379|Q412|Q392|Q386|Q351|Q390|Q331,,,,
928,R_2SoYpzMEQuZkHH8,All True,2,2,3,"""BBC News"", ""ITV News"", ""Mirror""",40,60,86,79,76,50,71,80,61,60,90,81,5,75,76,75,61,75,18,30,86,30,80,60,10,65,80,70,75,71,70,60,29,21,70,76,14,60,30,14,54,15,25,70,70,29,80,25,80,60,70,61,59,35,65,60,0,50,60,70,70,76,5,20,70,25,90,100,60,90,80,100,75,15,91,61,30,91,70,49,58,30,4,4,4,4,1,1,1,3,4,4,3,4,Democrat,,21,Female,,7dacf9045e948ed7f350,,,,,Q333|Q339|Q365|Q386|Q368|Q391|Q340|Q348|Q317|Q347|Q393|Q371|Q329|Q344|Q385|Q374|Q325|Q381|Q406|Q403|Q320|Q350|Q342|Q405|Q410|Q404|Q331|Q316|Q314|Q413|Q384|Q318|Q408|Q376|Q354|Q366|Q394|Q352|Q388|Q401|Q378|Q336|Q356|Q389|Q323|Q335|Q326|Q315|Q363|Q383|Q355|Q367|Q360|Q411|Q353|Q402|Q364|Q346|Q322|Q400|Q327|Q341|Q359|Q412|Q337|Q377|Q407|Q409|Q375|Q343|Q379|Q330|Q397|Q324|Q372|Q362|Q349|Q332|Q369|Q390,,,,
29944,R_UFrKfZadiexJTjj,More Fake,3,2,2,"BBC, ITV News",65,71,70,82,60,81,63,40,50,2,51,0,18,0,9,61,17,65,50,0,0,60,0,0,71,100,20,0,0,20,28,60,0,92,0,20,0,59,85,71,82,55,0,0,0,0,0,0,0,10,71,8,50,51,50,19,70,0,50,16,29,6,0,0,16,31,70,100,0,81,50,50,93,62,64,81,4,68,1,1,36,82,3,4,5,5,1,3,1,2,3,3,4,4,Democrat,,19,Female,,6305b87c84c10e78502a,,Q58|Q41|Q49|Q47|Q14|Q61|Q26|Q50,Q190|Q171|Q122|Q145|Q204|Q194|Q130|Q161|Q132|Q177|Q169|Q167|Q141|Q137|Q150|Q121|Q136|Q183|Q156|Q158|Q180|Q133|Q142|Q128|Q159|Q186|Q144|Q126|Q176|Q206|Q155|Q164|Q196|Q146|Q165|Q203|Q134|Q129|Q197|Q120|Q181|Q160|Q202|Q135|Q210|Q178|Q192|Q151|Q188|Q200|Q147|Q154|Q139|Q124|Q119|Q157|Q138|Q125|Q213|Q127|Q201|Q153|Q193|Q123,Q272|Q305|Q283|Q306|Q291|Q271|Q266|Q268,,,,,
1432,R_3neBcU5PSTHQbBP,More Fake,3,1,2,"""BBC, SKY NEWS""",77,92,71,50,50,9,28,81,31,9,21,0,43,27,44,13,16,32,42,11,25,16,41,50,64,59,9,69,30,0,10,15,91,93,64,50,37,0,50,0,0,26,0,0,18,19,13,0,0,6,27,4,81,79,0,0,4,29,20,3,7,51,50,0,47,15,27,38,20,30,79,50,57,3,50,19,35,50,50,78,68,88,4,4,3,4,1,1,3,4,4,4,3,5,Independent,,18,Female,,b576b420ca03088f5cf7,,Q38|Q39|Q60|Q15|Q62|Q48|Q53|Q42,Q189|Q125|Q202|Q115|Q147|Q191|Q211|Q184|Q131|Q186|Q154|Q127|Q168|Q146|Q160|Q136|Q199|Q200|Q120|Q149|Q148|Q128|Q205|Q138|Q178|Q174|Q124|Q210|Q194|Q152|Q139|Q155|Q207|Q159|Q209|Q212|Q177|Q196|Q161|Q197|Q130|Q182|Q114|Q119|Q166|Q142|Q170|Q151|Q181|Q137|Q193|Q157|Q190|Q133|Q134|Q165|Q208|Q129|Q175|Q204|Q153|Q192|Q195|Q179,Q279|Q284|Q306|Q312|Q302|Q305|Q296|Q281,,,,,
782,R_a2HRXkJH8GshCut,All True,4,4,1,bbc news,30,80,96,66,64,83,79,67,67,94,64,83,59,82,82,66,50,72,70,56,71,74,65,73,88,43,51,84,70,44,25,62,60,91,75,71,72,77,78,42,67,65,61,65,71,51,31,60,7,70,38,67,73,61,84,41,36,68,92,65,81,69,78,66,70,84,19,31,91,84,69,86,66,73,73,80,80,32,76,71,68,16,4,4,2,2,2,1,2,2,2,2,2,2,Democrat,,18,Female,,2aa5d2545cf9d81de2e3,,,,,Q355|Q348|Q365|Q363|Q322|Q349|Q318|Q392|Q407|Q403|Q316|Q370|Q325|Q413|Q332|Q336|Q401|Q317|Q360|Q383|Q367|Q375|Q337|Q396|Q404|Q405|Q390|Q320|Q381|Q357|Q382|Q359|Q326|Q399|Q369|Q353|Q400|Q406|Q364|Q323|Q351|Q346|Q384|Q412|Q352|Q342|Q334|Q380|Q331|Q388|Q397|Q398|Q362|Q345|Q371|Q409|Q340|Q394|Q347|Q395|Q391|Q343|Q333|Q350|Q324|Q387|Q411|Q389|Q361|Q319|Q410|Q379|Q354|Q377|Q366|Q358|Q329|Q378|Q339|Q327,,,,
18680,R_3GuGQ0JhruCNJgC,All True,5,3,3,"BBC, India Today, NDTV",50,85,70,73,90,82,81,77,94,83,95,82,50,81,84,100,100,80,70,70,62,88,86,24,80,71,75,86,68,85,25,73,67,100,100,22,75,100,89,100,72,15,72,8,85,85,20,0,91,71,93,66,70,75,71,31,79,9,73,70,80,95,62,25,100,86,86,82,86,72,100,100,100,77,80,50,90,60,93,80,85,40,4,4,5,5,3,2,5,2,2,2,2,2,Independent,,19,Female,,29785febb6e5e94798f3,,,,,Q390|Q371|Q395|Q396|Q347|Q331|Q375|Q316|Q338|Q411|Q406|Q354|Q348|Q351|Q407|Q374|Q400|Q413|Q394|Q359|Q321|Q382|Q361|Q329|Q404|Q319|Q385|Q365|Q366|Q328|Q317|Q367|Q356|Q401|Q364|Q373|Q368|Q330|Q326|Q410|Q325|Q412|Q372|Q345|Q392|Q327|Q341|Q357|Q363|Q362|Q353|Q343|Q342|Q405|Q409|Q402|Q388|Q346|Q376|Q370|Q336|Q391|Q318|Q377|Q314|Q403|Q344|Q387|Q355|Q408|Q398|Q334|Q358|Q332|Q322|Q324|Q386|Q350|Q384|Q337,,,,
1109,R_0Ds7y7OhWORS2Bj,More Fake,2,1,0,I don't make an effort to follow news,35,84,67,68,65,60,43,69,30,61,17,76,0,0,60,33,0,45,0,48,4,65,0,34,2,5,58,0,5,58,30,65,20,43,66,0,37,0,0,27,0,0,0,56,0,6,31,41,29,79,6,44,20,41,44,52,71,54,58,24,0,36,0,35,51,43,53,12,8,42,0,0,54,75,53,51,51,61,56,70,55,70,3,1,1,2,1,4,2,2,4,4,3,4,Independent,,19,Male,,270df5f9210e78396168,,Q44|Q52|Q33|Q43|Q31|Q40|Q47|Q50,Q189|Q211|Q170|Q200|Q176|Q201|Q122|Q118|Q152|Q156|Q153|Q165|Q125|Q196|Q195|Q209|Q208|Q190|Q148|Q135|Q185|Q186|Q161|Q199|Q188|Q198|Q175|Q206|Q157|Q119|Q143|Q115|Q117|Q121|Q147|Q192|Q183|Q131|Q133|Q142|Q126|Q144|Q141|Q213|Q132|Q173|Q160|Q164|Q154|Q212|Q155|Q127|Q168|Q193|Q180|Q207|Q174|Q181|Q139|Q159|Q171|Q163|Q172|Q169,Q304|Q300|Q271|Q312|Q279|Q277|Q274|Q302,,,,,
2064,R_3HRiQle3eOnC111,More Fake,3,1,2,"BBC news, G1 (Brazilian source)",60,81,30,29,70,71,61,82,100,62,53,8,23,18,61,70,26,2,21,65,10,35,70,64,0,0,19,19,56,87,62,88,72,9,10,4,84,14,1,81,9,0,8,21,14,25,76,50,23,68,67,37,13,29,23,25,15,30,51,67,24,0,12,17,0,18,41,21,11,23,12,64,71,64,88,68,16,17,86,69,23,72,5,1,2,2,2,2,2,4,5,2,4,5,Democrat,,18,Female,,1e50fe7ad4d68516e37a,,Q37|Q23|Q43|Q21|Q59|Q22|Q62|Q17,Q167|Q133|Q187|Q158|Q116|Q178|Q150|Q122|Q118|Q169|Q202|Q139|Q135|Q140|Q204|Q197|Q163|Q174|Q144|Q213|Q136|Q151|Q168|Q180|Q164|Q138|Q146|Q192|Q184|Q115|Q172|Q125|Q188|Q156|Q206|Q128|Q137|Q154|Q157|Q181|Q147|Q205|Q208|Q129|Q153|Q162|Q143|Q176|Q189|Q117|Q161|Q186|Q142|Q200|Q196|Q121|Q126|Q175|Q166|Q194|Q209|Q148|Q114|Q145,Q309|Q292|Q301|Q266|Q273|Q310|Q284|Q312,,,,,
2107,R_3MGXyBSv4e0uYxa,All True,3,2,2,"the straits time, cna, nhs, gov.uk, bbc",40,30,29,30,60,18,100,60,81,10,40,80,39,80,100,61,82,70,20,60,61,70,9,19,18,9,0,60,30,30,59,70,85,70,71,71,61,59,61,70,60,80,0,10,60,29,30,29,9,61,81,70,60,72,59,29,40,60,60,9,72,60,60,61,71,70,19,39,9,80,0,81,18,29,70,61,71,100,10,20,70,61,5,2,2,2,2,1,1,1,4,2,4,5,Democrat,,18,Female,,c68670d1fa337c69ebe3,,,,,Q321|Q347|Q331|Q374|Q384|Q390|Q316|Q337|Q351|Q364|Q363|Q327|Q329|Q352|Q360|Q382|Q335|Q340|Q322|Q367|Q387|Q400|Q369|Q345|Q399|Q370|Q355|Q362|Q361|Q404|Q333|Q389|Q323|Q343|Q386|Q365|Q366|Q398|Q383|Q357|Q371|Q397|Q359|Q342|Q396|Q353|Q380|Q402|Q385|Q354|Q320|Q409|Q393|Q318|Q401|Q326|Q346|Q315|Q328|Q376|Q407|Q314|Q332|Q324|Q392|Q394|Q341|Q405|Q356|Q372|Q336|Q373|Q388|Q403|Q344|Q349|Q338|Q381|Q348|Q375,,,,
685,R_ZLjU24hs310zRcJ,All True,3,2,1,New york times,28,67,61,51,44,57,30,100,29,72,24,60,100,61,81,62,99,64,30,28,48,34,60,66,41,18,66,73,59,61,30,65,75,78,71,51,56,69,63,42,0,0,32,72,62,71,62,80,100,72,58,29,49,40,71,68,75,32,0,20,65,40,34,20,0,66,20,20,80,0,29,62,80,64,81,56,19,37,56,67,52,52,4,4,4,4,1,2,3,4,3,3,4,4,Democrat,,18,Female,,1c865a31e1e5c0a2eeff,,,,,Q330|Q337|Q358|Q379|Q396|Q369|Q384|Q357|Q394|Q387|Q401|Q352|Q372|Q362|Q367|Q316|Q393|Q328|Q323|Q386|Q365|Q371|Q341|Q397|Q342|Q355|Q404|Q409|Q392|Q382|Q364|Q361|Q375|Q368|Q331|Q319|Q408|Q333|Q389|Q363|Q345|Q327|Q336|Q317|Q320|Q383|Q356|Q376|Q353|Q366|Q398|Q318|Q349|Q360|Q348|Q381|Q314|Q329|Q378|Q335|Q347|Q332|Q339|Q354|Q405|Q351|Q413|Q406|Q377|Q373|Q334|Q390|Q400|Q359|Q346|Q380|Q412|Q374|Q388|Q338,,,,
2070,R_3KoOwyeSKwuLjkv,More Fake,4,2,3,"BBC News, Twitter, Facebook",35,6,81,67,76,75,94,92,32,22,70,0,75,83,73,39,65,61,36,22,64,26,75,75,77,11,0,79,87,58,73,25,0,24,35,37,67,84,73,12,14,68,40,5,32,23,61,64,76,78,60,65,24,24,66,66,50,37,56,65,44,76,24,36,56,24,74,76,13,64,97,35,71,63,35,70,66,94,59,72,53,61,2,4,4,5,2,1,3,2,4,3,4,3,Independent,,18,Female,,8c588088f62aa5cb6c9c,,Q16|Q44|Q28|Q42|Q56|Q26|Q38|Q60,Q202|Q195|Q205|Q147|Q192|Q176|Q198|Q159|Q132|Q119|Q182|Q155|Q197|Q190|Q126|Q135|Q212|Q154|Q178|Q165|Q186|Q123|Q196|Q187|Q144|Q150|Q133|Q191|Q134|Q140|Q164|Q161|Q145|Q158|Q127|Q146|Q175|Q138|Q204|Q185|Q207|Q162|Q193|Q169|Q121|Q139|Q170|Q208|Q148|Q183|Q136|Q152|Q120|Q128|Q153|Q166|Q188|Q210|Q137|Q125|Q129|Q201|Q131|Q116,Q313|Q294|Q297|Q301|Q299|Q308|Q276|Q272,,,,,
943,R_1MYPnHZh3AemEqt,All True,5,3,6,"BBC news, the economist, the guardian, the FT, Le Figaro",41,64,82,72,36,76,66,29,22,63,39,68,55,66,64,73,31,19,65,28,19,21,36,40,36,69,61,66,38,40,65,79,44,59,39,20,92,40,59,43,65,62,65,66,30,42,60,62,19,35,63,78,39,77,68,58,70,82,46,59,40,69,68,72,71,38,34,65,64,29,60,70,25,35,80,28,70,59,67,54,54,50,4,5,5,5,2,2,2,2,2,1,1,1,Independent,,18,Male,,03db0f94a7402e074d7d,,,,,Q402|Q315|Q375|Q392|Q331|Q359|Q361|Q347|Q339|Q379|Q406|Q353|Q399|Q364|Q387|Q396|Q388|Q330|Q405|Q378|Q325|Q316|Q367|Q333|Q320|Q321|Q390|Q352|Q337|Q318|Q383|Q412|Q335|Q411|Q365|Q342|Q409|Q380|Q340|Q386|Q362|Q327|Q391|Q358|Q356|Q382|Q366|Q394|Q332|Q384|Q372|Q401|Q343|Q404|Q398|Q314|Q400|Q371|Q397|Q408|Q323|Q374|Q319|Q349|Q354|Q413|Q317|Q377|Q338|Q370|Q344|Q326|Q410|Q328|Q369|Q346|Q393|Q381|Q324|Q329,,,,
508,R_3R4aOgAvU2c87Fv,More Fake,3,2,2,"sky news, apple",72,28,71,38,62,43,38,59,28,46,45,56,46,37,55,45,36,53,55,53,53,43,46,36,53,45,31,55,57,42,53,48,54,43,42,54,37,47,51,43,54,63,43,53,53,37,42,44,45,41,42,40,40,48,46,43,36,45,40,56,48,40,46,54,53,44,48,36,45,54,55,46,48,53,54,53,54,51,47,52,49,78,4,5,4,5,1,4,2,3,4,4,4,4,Democrat,,19,Female,,1b70cb576b2dacd08a8e,,Q45|Q58|Q16|Q27|Q29|Q56|Q30|Q33,Q182|Q178|Q198|Q133|Q209|Q199|Q165|Q166|Q202|Q172|Q156|Q176|Q155|Q212|Q185|Q159|Q124|Q150|Q149|Q143|Q190|Q180|Q122|Q139|Q189|Q123|Q125|Q135|Q205|Q181|Q191|Q127|Q174|Q157|Q183|Q141|Q138|Q117|Q186|Q140|Q207|Q148|Q114|Q200|Q118|Q164|Q152|Q196|Q208|Q213|Q169|Q204|Q201|Q119|Q171|Q126|Q136|Q177|Q145|Q134|Q132|Q146|Q129|Q197,Q264|Q292|Q279|Q302|Q288|Q274|Q300|Q285,,,,,
763,R_3PdUuYcBZcFMTdi,All True,3,2,1,News outlets like the guardian etc,45,61,45,49,40,59,50,43,45,49,33,51,67,45,56,51,50,55,75,61,60,60,64,61,45,51,41,40,58,45,36,41,31,51,50,61,50,49,43,45,60,61,58,47,39,39,75,65,46,45,42,57,70,56,47,60,39,42,62,47,58,60,47,61,55,71,43,50,34,71,47,48,41,59,60,38,59,43,51,57,47,50,5,2,2,2,4,4,3,3,2,5,2,1,Independent,,19,Female,,95d4d558b0d5029797b3,,,,,Q395|Q339|Q334|Q373|Q333|Q349|Q320|Q399|Q364|Q345|Q342|Q401|Q381|Q400|Q358|Q405|Q315|Q406|Q322|Q316|Q403|Q393|Q325|Q344|Q340|Q409|Q402|Q396|Q327|Q412|Q383|Q363|Q357|Q361|Q376|Q385|Q408|Q352|Q338|Q326|Q374|Q384|Q328|Q386|Q378|Q318|Q350|Q390|Q397|Q321|Q341|Q365|Q354|Q336|Q377|Q404|Q356|Q379|Q370|Q382|Q324|Q351|Q372|Q388|Q367|Q410|Q392|Q369|Q394|Q329|Q387|Q413|Q323|Q317|Q355|Q343|Q319|Q348|Q331|Q411,,,,
2349,R_3L8323AWATVOHxm,More Fake,3,1,0,I don't really look at news,56,61,23,35,77,75,100,61,86,0,11,18,73,0,17,75,31,37,67,63,65,0,0,0,4,0,84,69,14,0,69,81,0,21,81,80,28,11,71,2,99,45,20,89,0,0,76,0,0,6,0,9,25,81,70,37,0,20,84,13,8,0,8,74,15,18,29,87,32,72,0,16,11,1,85,75,68,78,67,64,22,78,3,4,4,4,1,1,2,4,4,4,5,4,Democrat,,18,Female,,90752dbfd5309bf8b12b,,Q16|Q35|Q21|Q18|Q19|Q41|Q14|Q56,Q139|Q210|Q157|Q196|Q129|Q184|Q120|Q144|Q204|Q171|Q160|Q202|Q114|Q201|Q125|Q207|Q209|Q200|Q185|Q158|Q132|Q153|Q206|Q164|Q203|Q194|Q130|Q169|Q189|Q162|Q154|Q123|Q141|Q165|Q179|Q131|Q137|Q199|Q118|Q143|Q122|Q135|Q140|Q155|Q119|Q116|Q127|Q192|Q142|Q180|Q146|Q161|Q163|Q188|Q126|Q166|Q133|Q193|Q178|Q149|Q151|Q117|Q134|Q138,Q278|Q281|Q273|Q264|Q274|Q298|Q268|Q307,,,,,
938,R_vw6r1tujOBikqBP,All True,4,4,3,"__uardian _, __aily mail _, __K01_",22,100,81,100,100,99,82,100,82,100,100,8,100,91,60,39,100,57,18,80,63,63,81,18,89,97,82,81,5,72,59,83,91,82,28,29,71,100,4,19,38,61,82,100,100,82,100,90,58,70,70,60,71,100,100,82,100,71,29,60,100,100,46,80,40,28,81,59,53,100,100,100,82,70,80,40,100,81,0,72,72,40,3,4,2,4,1,1,1,1,3,2,2,2,Other,,18,Male,,21d09c256101297b0ea7,,,,,Q361|Q326|Q355|Q315|Q368|Q380|Q376|Q327|Q387|Q369|Q388|Q349|Q357|Q335|Q413|Q410|Q362|Q393|Q323|Q403|Q391|Q353|Q321|Q365|Q385|Q348|Q374|Q324|Q366|Q401|Q317|Q364|Q378|Q386|Q342|Q316|Q371|Q370|Q383|Q318|Q412|Q328|Q359|Q375|Q367|Q373|Q379|Q398|Q356|Q363|Q346|Q334|Q360|Q384|Q350|Q407|Q389|Q320|Q382|Q354|Q392|Q411|Q325|Q339|Q402|Q409|Q337|Q352|Q331|Q319|Q395|Q377|Q345|Q394|Q408|Q314|Q322|Q343|Q336|Q397,,,,
1256,R_3oRtBNhd04n2w34,More Fake,5,1,1,"""Social Media""",80,67,39,51,20,71,61,60,29,0,0,30,0,50,0,20,40,0,30,9,0,0,0,51,0,0,5,0,14,0,60,5,40,40,55,19,60,0,0,20,0,0,0,0,0,0,5,19,70,75,65,81,5,0,10,0,12,70,0,75,25,0,40,0,14,71,0,10,10,30,0,85,90,4,74,95,86,9,39,95,28,95,4,1,1,4,1,2,2,4,2,3,4,5,Democrat,,18,Female,,7c978671f8c69aa5b8a7,,Q45|Q20|Q58|Q53|Q22|Q36|Q39|Q28,Q128|Q179|Q209|Q207|Q127|Q140|Q212|Q116|Q164|Q167|Q152|Q125|Q201|Q202|Q190|Q203|Q165|Q148|Q156|Q213|Q160|Q150|Q182|Q185|Q133|Q139|Q206|Q196|Q181|Q174|Q166|Q171|Q183|Q135|Q154|Q158|Q198|Q188|Q204|Q173|Q121|Q134|Q144|Q159|Q151|Q187|Q122|Q169|Q177|Q184|Q157|Q142|Q124|Q136|Q115|Q138|Q120|Q199|Q117|Q130|Q131|Q176|Q172|Q155,Q272|Q297|Q283|Q287|Q309|Q284|Q298|Q293,,,,,
1103,R_11aMR7aEOKeSxep,More Fake,4,3,2,"daily mail, telegraph",24,63,66,25,33,80,64,92,87,65,32,6,0,0,5,0,1,9,65,6,24,22,0,69,55,0,0,0,0,72,38,0,8,0,29,33,40,4,8,0,0,0,0,0,0,0,0,0,76,3,8,0,30,18,16,15,0,19,56,0,0,0,0,7,0,21,100,5,66,42,19,0,9,80,100,79,72,60,63,91,62,67,4,2,2,4,1,1,1,3,3,2,1,4,Democrat,,18,Female,,ebcf4a5cf62abb59f02a,,Q59|Q28|Q38|Q24|Q58|Q48|Q34|Q53,Q134|Q170|Q209|Q144|Q135|Q163|Q136|Q126|Q119|Q180|Q208|Q143|Q124|Q211|Q146|Q205|Q191|Q159|Q121|Q166|Q157|Q190|Q114|Q131|Q171|Q154|Q203|Q181|Q182|Q178|Q167|Q174|Q198|Q120|Q212|Q197|Q129|Q116|Q155|Q165|Q138|Q161|Q188|Q168|Q200|Q177|Q153|Q195|Q164|Q169|Q201|Q204|Q158|Q156|Q133|Q115|Q130|Q139|Q186|Q202|Q147|Q137|Q117|Q149,Q292|Q282|Q270|Q281|Q272|Q286|Q298|Q295,,,,,
848,R_1ogVd3ARddIpUDQ,All True,4,4,2,"TV, online",30,78,10,58,91,63,44,42,67,68,55,65,34,55,86,59,64,74,33,76,62,65,38,76,61,10,49,40,59,76,21,45,61,47,61,45,34,55,89,62,60,38,60,66,86,25,25,41,66,46,63,59,0,65,65,44,46,3,45,42,40,60,75,80,30,72,44,14,24,60,63,92,68,100,50,68,63,14,45,16,53,51,2,4,4,4,1,2,3,3,4,3,4,4,Democrat,,18,Female,,84c3bd0cdb0283a62ad3,,,,,Q342|Q402|Q333|Q330|Q413|Q317|Q379|Q322|Q354|Q397|Q334|Q399|Q409|Q377|Q346|Q327|Q407|Q403|Q383|Q412|Q340|Q349|Q331|Q315|Q332|Q321|Q368|Q374|Q323|Q382|Q355|Q351|Q356|Q357|Q395|Q324|Q339|Q361|Q381|Q358|Q375|Q387|Q347|Q410|Q408|Q367|Q376|Q393|Q348|Q359|Q318|Q364|Q400|Q335|Q350|Q404|Q388|Q394|Q316|Q319|Q380|Q362|Q353|Q373|Q320|Q384|Q352|Q329|Q341|Q325|Q392|Q345|Q385|Q391|Q337|Q336|Q344|Q398|Q343|Q386,,,,
747,R_24MHjzPEpkfjLJT,More Fake,3,1,1,"CNN, BBC, NEW YORK TIMES, ",61,81,40,63,50,82,60,56,72,65,60,22,52,69,79,56,0,0,27,55,70,85,72,29,63,77,0,11,9,100,78,0,58,19,100,91,74,0,70,41,4,0,34,1,100,69,76,100,36,30,44,33,32,95,30,73,66,73,37,58,72,78,0,37,81,39,80,70,9,7,74,83,77,89,85,75,84,100,71,94,55,40,4,4,2,5,1,1,3,3,5,5,5,5,Independent,,19,Female,,b3f5a47977227dbfe8f4,,Q16|Q19|Q37|Q61|Q14|Q34|Q49|Q41,Q115|Q160|Q189|Q118|Q130|Q187|Q206|Q154|Q142|Q207|Q212|Q173|Q192|Q166|Q163|Q185|Q168|Q128|Q209|Q171|Q199|Q161|Q176|Q191|Q169|Q174|Q205|Q131|Q149|Q150|Q121|Q201|Q155|Q193|Q179|Q164|Q132|Q175|Q120|Q119|Q183|Q133|Q146|Q178|Q148|Q114|Q125|Q180|Q170|Q145|Q126|Q195|Q190|Q116|Q136|Q208|Q138|Q194|Q165|Q182|Q151|Q117|Q129|Q141,Q295|Q267|Q311|Q304|Q273|Q268|Q272|Q302,,,,,
2035,R_3EKZDZUgM7s4DIe,All True,3,3,3,"Weibo, BBC news, Wechat",25,78,78,70,80,19,0,81,73,73,28,23,83,86,90,75,57,76,47,81,29,83,70,77,75,73,28,83,60,77,0,55,2,15,29,27,82,33,80,80,100,0,80,27,14,70,80,77,89,72,81,62,35,77,75,31,72,27,81,90,72,20,97,31,70,74,71,91,51,68,84,74,67,71,83,69,100,23,15,30,79,64,5,5,5,5,1,1,1,5,5,1,1,3,Independent,,20,Female,,fa880a2b3c6b59d7b3f1,,,,,Q345|Q396|Q318|Q387|Q316|Q389|Q330|Q348|Q363|Q346|Q390|Q383|Q334|Q360|Q410|Q378|Q336|Q388|Q393|Q404|Q315|Q350|Q349|Q344|Q376|Q352|Q392|Q355|Q341|Q391|Q331|Q403|Q402|Q342|Q394|Q413|Q385|Q407|Q371|Q379|Q400|Q398|Q372|Q339|Q327|Q326|Q401|Q384|Q354|Q369|Q412|Q373|Q362|Q351|Q332|Q386|Q399|Q395|Q335|Q356|Q340|Q338|Q314|Q382|Q397|Q365|Q324|Q322|Q329|Q321|Q328|Q368|Q366|Q325|Q374|Q364|Q333|Q343|Q358|Q319,,,,
1054,R_1CEkykdkI456NoM,More Fake,2,2,2,"bbc, gov.uk",64,83,70,81,19,28,38,81,25,33,5,78,22,34,0,22,23,70,28,63,81,27,19,70,85,65,13,12,21,70,18,72,21,1,10,2,80,24,24,72,0,16,0,12,2,1,14,30,78,19,33,89,63,25,24,72,23,73,18,74,77,23,5,22,9,24,28,28,90,27,33,28,15,28,70,18,24,26,73,60,31,71,5,2,3,4,2,1,1,2,5,1,3,5,Other,,18,Female,,e7b2bfcd1e35f0028657,,Q55|Q48|Q41|Q43|Q63|Q62|Q30|Q51,Q175|Q198|Q150|Q194|Q191|Q145|Q203|Q169|Q122|Q179|Q171|Q154|Q149|Q153|Q204|Q136|Q197|Q117|Q185|Q139|Q124|Q173|Q133|Q165|Q125|Q167|Q199|Q141|Q188|Q202|Q160|Q134|Q118|Q143|Q144|Q201|Q135|Q147|Q137|Q158|Q170|Q184|Q182|Q172|Q164|Q123|Q208|Q206|Q157|Q146|Q159|Q120|Q168|Q196|Q115|Q119|Q130|Q127|Q178|Q148|Q114|Q207|Q190|Q192,Q308|Q312|Q297|Q305|Q303|Q272|Q313|Q264,,,,,
862,R_2CUN07KXdiEv8NB,All True,3,2,1,google suggested articles,25,22,70,20,66,40,65,36,80,74,81,51,74,29,10,56,22,56,51,66,5,25,68,20,26,59,85,68,51,75,73,90,17,80,76,76,100,62,52,81,75,90,35,65,26,79,34,59,41,51,5,29,56,63,51,34,7,33,84,85,67,51,59,62,21,73,8,10,69,92,65,61,81,88,74,33,65,78,60,53,55,35,3,4,4,3,1,1,3,4,4,4,3,2,Republican,,18,Male,,7f62837b03dbe6587ef2,,,,,Q394|Q351|Q357|Q360|Q377|Q346|Q325|Q395|Q406|Q409|Q392|Q400|Q407|Q355|Q390|Q317|Q413|Q373|Q316|Q343|Q376|Q352|Q379|Q371|Q386|Q399|Q365|Q314|Q412|Q334|Q349|Q328|Q388|Q359|Q350|Q402|Q363|Q391|Q405|Q331|Q336|Q382|Q338|Q344|Q318|Q335|Q358|Q337|Q375|Q320|Q383|Q396|Q356|Q401|Q326|Q322|Q398|Q380|Q354|Q374|Q361|Q369|Q378|Q366|Q319|Q387|Q321|Q329|Q323|Q345|Q408|Q389|Q404|Q332|Q327|Q315|Q347|Q381|Q348|Q384,,,,
699,R_24l4pFMUYdggx3t,All True,3,2,1,BBC,19,35,78,41,60,66,66,44,60,78,43,59,73,63,55,87,76,42,69,41,63,34,41,61,44,16,64,60,74,62,55,64,56,81,64,41,62,37,56,61,64,33,44,43,90,75,43,37,33,62,63,67,35,65,62,57,58,43,55,61,65,55,68,85,34,58,46,76,75,78,65,84,63,56,57,51,70,42,66,77,64,38,4,2,2,4,2,2,2,3,4,2,4,4,Independent,,19,Female,,e4936306d10df627e336,,,,,Q400|Q338|Q323|Q412|Q355|Q347|Q401|Q378|Q396|Q343|Q362|Q383|Q407|Q366|Q348|Q315|Q375|Q368|Q404|Q334|Q377|Q369|Q358|Q330|Q328|Q336|Q402|Q399|Q342|Q333|Q345|Q327|Q410|Q413|Q409|Q324|Q316|Q391|Q392|Q364|Q395|Q388|Q390|Q329|Q394|Q335|Q370|Q408|Q372|Q389|Q337|Q376|Q341|Q365|Q406|Q350|Q411|Q393|Q367|Q398|Q346|Q317|Q320|Q354|Q387|Q397|Q403|Q405|Q357|Q322|Q325|Q381|Q382|Q321|Q339|Q380|Q318|Q385|Q353|Q314,,,,
1311,R_27qDpdUkJtzz3L5,More Fake,2,1,1,BBC News,15,55,25,65,0,30,80,70,60,0,30,0,0,0,20,0,70,30,0,15,35,40,65,100,5,0,0,20,0,65,0,25,0,15,35,75,100,0,85,0,70,0,0,0,0,0,0,0,0,0,30,0,0,0,15,25,40,60,0,0,0,0,90,0,0,35,50,25,60,70,0,0,80,70,0,100,80,65,50,10,28,80,3,2,1,3,1,1,2,1,2,3,2,4,Democrat,,18,Male,,898eb1169d7affe7dacd,,Q52|Q62|Q21|Q37|Q36|Q49|Q29|Q28,Q166|Q127|Q205|Q117|Q163|Q120|Q187|Q209|Q147|Q119|Q128|Q135|Q165|Q197|Q162|Q183|Q138|Q129|Q161|Q160|Q156|Q198|Q200|Q115|Q132|Q155|Q182|Q180|Q154|Q139|Q195|Q167|Q202|Q145|Q123|Q158|Q168|Q122|Q199|Q212|Q169|Q150|Q186|Q157|Q201|Q142|Q136|Q181|Q210|Q121|Q174|Q144|Q211|Q175|Q152|Q114|Q148|Q159|Q170|Q137|Q143|Q131|Q208|Q189,Q291|Q273|Q293|Q309|Q310|Q295|Q284|Q272,,,,,
1393,R_1BWPfcI5CZ1vUXd,All True,2,2,3,"BBC, The Financial Times, The Telegraph",20,75,45,65,30,75,70,75,70,80,55,60,75,65,80,70,65,65,80,10,35,40,40,15,35,30,65,40,65,55,60,65,55,55,65,65,20,65,65,35,65,65,70,40,62,45,35,40,70,70,65,35,75,35,55,80,30,40,65,70,60,40,65,35,70,60,10,35,15,55,65,80,80,30,25,65,65,60,35,30,65,40,3,2,2,4,1,1,1,1,4,1,3,2,Republican,,19,Female,,2f6000fe79bb72687b17,,,,,Q376|Q380|Q406|Q359|Q412|Q334|Q413|Q330|Q387|Q402|Q320|Q323|Q408|Q316|Q404|Q401|Q341|Q395|Q410|Q393|Q326|Q319|Q315|Q411|Q336|Q345|Q356|Q348|Q347|Q365|Q352|Q354|Q366|Q355|Q321|Q409|Q318|Q322|Q360|Q384|Q357|Q377|Q373|Q374|Q344|Q371|Q327|Q335|Q369|Q375|Q342|Q391|Q363|Q314|Q388|Q398|Q340|Q390|Q370|Q361|Q389|Q333|Q399|Q407|Q338|Q392|Q372|Q328|Q386|Q379|Q324|Q364|Q350|Q362|Q331|Q343|Q368|Q349|Q405|Q397,,,,
1026,R_bBAnQp0tda5oeK5,More Fake,4,2,2,"BBC News, The Guardian",60,75,71,78,81,81,30,29,94,70,23,11,0,3,0,24,18,72,58,0,64,18,1,0,0,7,70,74,65,0,75,28,7,0,0,0,65,11,0,34,21,0,13,6,81,11,54,71,72,72,8,76,10,0,20,7,80,12,70,72,27,22,62,0,7,15,1,7,20,77,70,7,75,44,80,69,25,67,75,24,29,81,5,2,2,4,1,1,2,2,4,2,2,4,Democrat,,24,Female,,95e79a89798ef2db2838,,Q27|Q51|Q45|Q58|Q16|Q26|Q18|Q53,Q135|Q180|Q166|Q169|Q151|Q204|Q191|Q182|Q129|Q210|Q124|Q165|Q163|Q120|Q208|Q161|Q199|Q155|Q196|Q194|Q175|Q193|Q142|Q146|Q152|Q174|Q195|Q125|Q137|Q212|Q119|Q121|Q209|Q149|Q206|Q122|Q185|Q123|Q145|Q131|Q173|Q179|Q162|Q127|Q177|Q197|Q134|Q170|Q164|Q143|Q117|Q178|Q192|Q126|Q147|Q213|Q157|Q187|Q198|Q114|Q144|Q176|Q183|Q115,Q283|Q292|Q274|Q295|Q307|Q312|Q267|Q272,,,,,
989,R_wMhPbq0CXBHoBnX,More Fake,2,4,2,"""Siyah _erit"" ""Haber""",72,76,55,63,12,51,38,68,36,50,51,28,9,46,51,44,0,51,25,34,12,0,51,75,0,0,28,51,7,69,49,30,51,53,64,32,90,0,50,8,82,0,0,0,67,51,0,51,50,70,63,48,55,0,17,56,19,41,0,51,51,33,32,18,49,49,49,39,73,13,51,51,68,49,53,19,25,49,58,1,39,82,5,4,1,5,1,1,1,3,3,1,1,1,Democrat,,18,Female,,c6dc6cac1280a2dae656,,Q54|Q20|Q29|Q15|Q38|Q43|Q36|Q35,Q156|Q176|Q157|Q194|Q208|Q162|Q193|Q128|Q142|Q198|Q158|Q175|Q173|Q201|Q202|Q189|Q136|Q144|Q116|Q130|Q159|Q203|Q190|Q192|Q199|Q178|Q206|Q129|Q188|Q145|Q135|Q134|Q196|Q127|Q119|Q125|Q154|Q166|Q139|Q191|Q170|Q123|Q132|Q182|Q137|Q171|Q115|Q126|Q200|Q160|Q172|Q149|Q181|Q146|Q151|Q143|Q169|Q164|Q167|Q204|Q155|Q131|Q187|Q183,Q307|Q283|Q276|Q296|Q270|Q291|Q266|Q269,,,,,
3763,R_51lTq3yfBE1hOP7,More Fake,3,2,3,"""apple news"" ""bbc news"" ""Warwick University website""",75,65,51,70,24,76,91,73,51,0,20,90,51,51,0,80,80,70,87,86,51,51,0,60,48,65,20,25,91,70,90,7,0,0,62,70,51,0,82,0,0,16,8,10,60,62,100,70,87,10,51,60,30,31,29,80,80,51,75,69,100,79,40,9,51,51,95,91,51,98,10,80,51,14,84,80,92,81,100,70,54,80,4,4,3,5,1,2,2,1,3,1,3,4,Democrat,,18,Female,,39796434d26afcf9044a,,Q55|Q51|Q19|Q50|Q56|Q33|Q48|Q63,Q164|Q178|Q149|Q132|Q170|Q213|Q176|Q196|Q160|Q168|Q165|Q119|Q183|Q195|Q115|Q116|Q153|Q121|Q201|Q200|Q140|Q204|Q182|Q134|Q136|Q131|Q159|Q171|Q197|Q169|Q118|Q123|Q180|Q187|Q211|Q190|Q144|Q122|Q130|Q184|Q188|Q151|Q177|Q143|Q193|Q138|Q148|Q191|Q172|Q126|Q167|Q208|Q192|Q157|Q156|Q145|Q203|Q186|Q137|Q120|Q125|Q212|Q147|Q117,Q306|Q294|Q291|Q273|Q292|Q310|Q266|Q269,,,,,
18081,R_3nlxc2iwtuZOsA9,All True,3,1,1,twitter,50,41,65,91,21,76,72,80,9,67,19,11,84,79,73,86,80,41,83,68,4,92,61,20,3,65,72,73,71,63,65,94,72,72,17,86,69,87,65,85,68,77,100,41,40,32,20,76,69,79,61,90,19,40,11,8,0,10,68,71,95,42,86,71,71,26,31,80,30,70,39,65,83,92,57,68,82,4,13,61,15,70,4,2,2,4,1,1,1,3,2,2,2,4,Democrat,,20,Female,,55906ce08937979bcb3d,,,,,Q395|Q405|Q362|Q384|Q350|Q334|Q402|Q353|Q333|Q329|Q366|Q321|Q368|Q360|Q319|Q345|Q381|Q401|Q341|Q351|Q380|Q323|Q342|Q408|Q314|Q317|Q412|Q326|Q370|Q410|Q316|Q411|Q377|Q378|Q389|Q385|Q318|Q344|Q390|Q339|Q413|Q365|Q396|Q338|Q376|Q391|Q348|Q352|Q373|Q367|Q327|Q387|Q346|Q340|Q354|Q330|Q392|Q406|Q328|Q382|Q397|Q347|Q375|Q331|Q399|Q349|Q393|Q332|Q359|Q409|Q336|Q363|Q324|Q343|Q358|Q407|Q371|Q355|Q388|Q403,,,,
3543,R_1QKPUpPOqgmUZKs,All True,3,2,3,"BBC News, The Guardian, Live Universal Awareness Map, Twitter",2,60,70,35,65,85,80,100,40,90,80,65,20,90,70,80,75,80,100,90,60,90,55,35,80,60,80,85,95,70,60,70,85,75,90,85,90,35,80,90,75,40,65,85,85,45,90,40,30,90,30,75,40,75,90,65,65,85,70,90,65,85,75,90,85,35,50,100,90,70,40,85,80,10,80,85,90,80,85,71,71,5,2,1,1,1,1,1,1,1,2,1,2,1,Other,Labour (UK),18,Male,,ec4058ace36447837b2b,,,,,Q372|Q323|Q394|Q405|Q384|Q340|Q401|Q396|Q400|Q379|Q351|Q362|Q367|Q399|Q320|Q407|Q354|Q413|Q326|Q353|Q324|Q392|Q371|Q380|Q328|Q319|Q410|Q359|Q385|Q374|Q398|Q412|Q363|Q350|Q388|Q377|Q390|Q355|Q338|Q406|Q344|Q360|Q343|Q346|Q393|Q409|Q411|Q331|Q375|Q368|Q370|Q378|Q322|Q389|Q366|Q361|Q330|Q403|Q321|Q332|Q364|Q333|Q327|Q373|Q341|Q365|Q386|Q358|Q402|Q357|Q347|Q325|Q376|Q318|Q383|Q314|Q369|Q382|Q349|Q391,,,,
1091,R_2WvB3RNLPpncQ3u,More Fake,3,2,3,"BBC News, Sky News, Al Jazeera",40,70,69,28,11,61,15,90,23,29,58,12,50,10,8,64,6,8,7,4,65,64,7,0,65,79,67,0,75,24,7,40,0,15,76,61,5,0,0,3,0,0,0,0,62,8,55,4,2,54,65,1,8,7,5,21,35,13,34,3,6,68,43,0,81,20,75,0,0,0,80,6,75,16,69,13,48,78,16,53,83,95,5,4,2,5,1,1,1,1,4,2,3,4,Democrat,,19,Female,,c9a5c0a2b449f059ed69,,Q22|Q47|Q26|Q58|Q61|Q60|Q32|Q50,Q149|Q158|Q159|Q208|Q192|Q184|Q190|Q170|Q119|Q147|Q122|Q204|Q126|Q201|Q169|Q120|Q162|Q175|Q178|Q127|Q167|Q155|Q146|Q206|Q133|Q151|Q193|Q121|Q172|Q179|Q203|Q199|Q213|Q173|Q123|Q118|Q156|Q200|Q165|Q209|Q161|Q145|Q207|Q181|Q211|Q129|Q143|Q210|Q148|Q152|Q182|Q117|Q187|Q198|Q128|Q132|Q135|Q171|Q168|Q144|Q115|Q195|Q176|Q134,Q267|Q268|Q277|Q294|Q291|Q280|Q269|Q290,,,,,
1494,R_86BKiSKHtrBM05b,All True,2,2,1,Channel 4 news,40,63,60,61,72,71,35,59,75,30,71,39,36,36,60,51,33,78,64,64,61,78,65,37,78,41,77,73,40,63,58,71,40,45,61,39,40,78,75,75,77,73,64,60,76,64,34,33,44,39,73,68,38,61,69,26,36,60,30,93,36,84,40,61,65,59,39,74,68,87,73,22,70,62,86,77,95,66,72,42,47,39,4,4,2,4,1,1,2,2,3,2,3,2,Democrat,,18,Female,,6b60b9ec382394a6f935,,,,,Q352|Q349|Q401|Q371|Q367|Q342|Q340|Q383|Q398|Q351|Q337|Q362|Q335|Q317|Q404|Q395|Q320|Q413|Q331|Q356|Q339|Q333|Q330|Q396|Q392|Q326|Q380|Q389|Q381|Q394|Q370|Q350|Q324|Q399|Q346|Q328|Q357|Q354|Q344|Q378|Q391|Q348|Q369|Q332|Q318|Q388|Q314|Q343|Q385|Q319|Q412|Q382|Q323|Q315|Q355|Q325|Q334|Q390|Q403|Q329|Q384|Q359|Q372|Q360|Q411|Q338|Q345|Q316|Q353|Q405|Q373|Q336|Q364|Q408|Q361|Q363|Q386|Q393|Q400|Q376,,,,
2197,R_1duxXtlLwfxENoX,More Fake,3,3,2,"BBC news, apple news ",43,65,74,27,74,84,77,26,13,15,69,77,85,38,10,40,34,70,80,70,93,26,11,13,88,21,6,41,66,38,78,23,63,18,75,73,71,76,29,79,8,27,15,15,42,68,18,15,37,36,37,36,62,19,14,73,80,35,32,31,67,32,42,80,32,26,38,59,36,72,27,85,83,31,27,76,99,30,27,38,44,75,5,5,2,4,2,4,3,3,2,2,2,3,Independent,,18,Female,,0298f2c84d79c0e6434c,,Q18|Q57|Q42|Q61|Q56|Q49|Q14|Q35,Q132|Q209|Q183|Q166|Q192|Q201|Q165|Q197|Q114|Q119|Q144|Q150|Q177|Q115|Q130|Q203|Q194|Q171|Q117|Q121|Q127|Q187|Q167|Q200|Q184|Q151|Q152|Q190|Q133|Q141|Q173|Q169|Q131|Q211|Q210|Q163|Q202|Q156|Q128|Q138|Q155|Q134|Q136|Q172|Q154|Q162|Q148|Q188|Q198|Q118|Q179|Q204|Q175|Q146|Q125|Q140|Q170|Q178|Q139|Q196|Q181|Q191|Q206|Q122,Q294|Q291|Q275|Q264|Q311|Q265|Q269|Q278,,,,,
1924,R_1ietxnGTxz5AG7j,All True,3,2,2,"""bbc news"", ""instagram""",45,32,42,0,96,51,92,41,70,21,45,16,27,58,59,78,96,56,20,67,31,76,75,41,5,61,70,24,63,14,40,12,59,11,22,42,100,28,70,74,76,92,0,20,42,40,41,18,89,0,44,36,31,0,13,30,38,39,88,0,81,17,51,31,39,79,68,0,63,80,55,44,57,91,92,66,61,0,5,63,46,60,4,4,4,4,1,1,2,2,4,2,2,4,Democrat,,19,Female,,58aa31ddc57256ce2f4b,,,,,Q335|Q403|Q322|Q365|Q350|Q375|Q410|Q406|Q399|Q340|Q376|Q381|Q379|Q372|Q391|Q317|Q368|Q359|Q355|Q344|Q351|Q382|Q348|Q318|Q346|Q395|Q413|Q397|Q400|Q341|Q349|Q393|Q361|Q338|Q319|Q388|Q323|Q411|Q320|Q364|Q327|Q352|Q371|Q401|Q316|Q383|Q402|Q380|Q354|Q336|Q362|Q339|Q333|Q326|Q315|Q390|Q366|Q408|Q405|Q360|Q394|Q329|Q330|Q314|Q369|Q345|Q404|Q374|Q377|Q353|Q396|Q332|Q328|Q347|Q358|Q325|Q387|Q363|Q373|Q356,,,,
1147,R_RxaRCuurTKBByhz,More Fake,3,5,3,"BBC news, Daily wire, associated press",86,86,52,78,81,73,71,72,100,100,36,14,66,19,0,82,0,25,29,79,15,32,37,43,30,0,75,0,0,25,57,48,11,89,10,100,15,17,63,87,92,0,25,0,62,7,7,24,69,28,33,20,65,75,16,28,1,23,26,58,85,77,0,7,0,0,17,68,72,52,0,60,81,48,62,86,81,70,83,59,61,34,2,5,5,4,1,2,4,5,5,2,5,1,Democrat,,19,Male,,5b74f02c7e48c547810b,,Q48|Q24|Q37|Q63|Q46|Q18|Q15|Q49,Q172|Q123|Q204|Q190|Q130|Q188|Q195|Q128|Q205|Q193|Q133|Q211|Q149|Q148|Q156|Q126|Q181|Q139|Q132|Q114|Q134|Q153|Q144|Q184|Q120|Q145|Q125|Q140|Q169|Q117|Q131|Q206|Q179|Q174|Q154|Q146|Q170|Q191|Q118|Q213|Q210|Q180|Q142|Q161|Q198|Q143|Q141|Q138|Q176|Q136|Q178|Q177|Q124|Q158|Q182|Q189|Q160|Q209|Q185|Q164|Q116|Q163|Q121|Q127,Q312|Q308|Q296|Q297|Q294|Q292|Q288|Q301,,,,,
961,R_8Ig4Wroz6NHIPPr,All True,3,2,1,bbc news,40,72,76,66,78,81,32,72,30,45,61,79,70,30,32,70,28,76,35,66,81,71,71,25,26,76,73,76,83,72,34,89,9,73,34,29,82,78,25,21,89,11,60,87,71,25,69,75,75,36,36,79,74,73,30,67,31,25,37,72,68,81,30,68,74,7,31,80,85,37,68,33,41,71,81,83,85,76,64,95,66,36,5,3,2,4,4,1,2,3,4,2,4,5,Democrat,,19,Female,,dad23a8d7e1c9a8ab9c2,,,,,Q382|Q396|Q355|Q407|Q319|Q353|Q408|Q395|Q332|Q411|Q366|Q376|Q354|Q387|Q398|Q357|Q327|Q367|Q351|Q352|Q340|Q349|Q333|Q363|Q383|Q326|Q390|Q329|Q318|Q403|Q322|Q378|Q412|Q328|Q371|Q406|Q335|Q347|Q380|Q359|Q337|Q400|Q410|Q369|Q362|Q379|Q384|Q315|Q343|Q336|Q344|Q334|Q321|Q392|Q341|Q391|Q361|Q399|Q358|Q377|Q374|Q368|Q373|Q360|Q402|Q316|Q331|Q342|Q381|Q365|Q394|Q389|Q404|Q385|Q323|Q386|Q372|Q364|Q324|Q409,,,,