X,X.1,X.2,X.3,X.4,X.5,X.6,X.7,X.8,X.9,X.10,X.11,X.12,X.13,X.14,X.15,X.16,X.17,X.18,X.19,X.20,X.21,X.22,X.23,X.24,X.25,X.26,X.27,X.28,X.29,X.30,X.31,X.32,X.33,X.34,X.35,X.36,X.37,X.38,X.39,X.40,X.41,X.42,X.43,X.44,X.45,X.46,X.47,X.48,X.49,X.50,X.51,X.52,X.53,X.54,X.55,X.56,X.57,X.58,X.59,X.60,X.61,X.62,X.63,X.64,X.65,X.66,X.67,X.68,X.69,X.70,X.71,X.72,X.73,X.74,X.75,X.76,X.77,X.78,X.79,
75,63,34,52.21052632,52.21052632,51,21,50,43,98,51,2,18,52.21052632,54,98,52.21052632,26,71,65,63,96,37,63,65,57,57,41,40,60,56,41,38,56,59,44,64,57,68,40,55,28,53,40,59,59,51,46,57,47,45,55,44,54,58,55,55,46,53,44,45,58,48,54,57,54,57,55,55,40,56,57,55,55,42,56,44,56,43,55,52.21052632
81,89,89,69,75,33,83,88,64,16,20,17,8,92,67,13,78,76,15,52,59,65,9,34,23,73,65,26,28,15,33,14,29,64,27,91,33,23,0,20,19,17,72,11,88,63,33,23,25,72,20,76,9,13,5,5,7,12,69,32,11,15,11,6,3,81,63,66,33,11,78,80,71,85,32,100,77,89,29,64,44.15
68,85,73,81,39,63,82,31,34,30,31,16,64,36,63,63,34,9,26,65,100,63,57,66,77,69,15,74,59,23,88,39,82,62,35,67,57,69,73,75,68,35,71,69,76,32,63,39,90,71,68,79,75,79,71,71,75,77,34,66,29,89,66,77,61,58,78,63,67,78,76,69,24,69,73,81,27,61,65,65,60.35
30,55,100,82,19,3,29,42,72,11,24,7,62,75,47,33,62,33,69,66,27,66,61,32,30,13,65,7,58,21,65,70,60,28,63,33,60,34,62,35,61,28,65,66,32,23,38,67,27,30,20,60,36,63,24,64,54,25,72,25,67,27,72,24,73,46.46835443,74,19,72,17,72,18,78,23,73,19,79,26,76,71,46.46835443
41,61,30,40,71,60,32,40,81,66,40,25,12,15,76,66,21,16,58,18,59,66,62,0,73,77,0,33,77,0,21,64,90,72,70,8,82,21,100,20,26,86,79,94,15,65,82,69,72,5,0,11,3,93,89,31,0,91,5,9,85,90,1,0,90,96,13,20,65,21,89,2,93,90,10,94,94,80,78,7,48.8375
23,74,71,74,35,54,31,35,74,67,26,74,95,83,84,25,85,80,76,77,15,75,66,77,43,66,61,76,73,77,73,72,70,74,72,95,69,95,37,83,71,74,72,31,76,78,78,75,67,75,70,71,70,78,77,72,76,77,74,73,82,15,66,69,71,71,89,33,68,26,67,33,32,72,55,36,68,62,61,86,65.1125
75.71428571,80,70,100,40,100,70,70,80,35,70,80,20,60,75,25,80,10,38.3709677,25,80,60,40,90,31,10,10,76,0,0,10,38.37096774,0,80,75,30,60,10,75,65,14,9,10,30,85,0,51,82,0,13,0,70,0,50,20,0,0,45,82,9,60,0,60,56,0,29,0,0,80,61,71,30,71,55,71,18,60,61,98,45,44.25570276
50,59.28571429,39,60,80,60,51,75,30,47,34,31,42,29,23,23,34,27,33,35,0,8,0,43,28,33,51,51,54,0,19,0,54,31,40,64,24,6,83,60,53,70,25,60,40,71,62,50,0,9,9,40,0,71,67,10,0,20,0,40,21,60,64,28,65,80,31,0,9,34,24,25,39,44,37,63,41,37,46,28,37.30357143
88,29,60,56,70,87,26,95,59,54,51,100,57,35,60,57,35,58,44,65,63,62,42,59,59,64,33,63,85,21,75,20,82,24,80,76,71,61,28,71,71,71,71,70,19,72,19,78,29,83,11,72,57,72,70,75,73,78,74,76,77,21,67,71,72,71,27,76,75,71,71,72,71,70,35,30,71,72,82,25,59.9125
19,50,60,71,82,50,40,82,62,50,50,83,61,72,62,42,99,61,28,50,50,61,62,54,50,50,61,61,50,71,60,29,81,50,18,50,50,56,50,29,50,63,85,50,53,85,17,73,63,61,0,37,50,74,50,50,40,53,61,50,20,54,65,58,50,61,91,38,61,50,42,28,19,50,67,50,30,71,29,50,53.325
70,30,60,30,10,40,10,80,65,70,40,70,10,60,80,60,30,70,90,60,60,40,70,30,80,60,75,20,85,30,60,70,75,40,10,70,90,60,60,70,60,60,10,60,70,90,30,65,40,30,40,10,70,60,60,80,10,65,30,70,40,30,20,30,80,75,40,60,70,30,80,60,20,60,40,60,70,40,60,10,52.1875
30,40,29,85,61,72,37,63,4,0,40,8,2,65,0,76,19,70,38,77,68,25,26,17,6,93,62,29,21,7,88,62,33,75,36,33,68,60,81,11,68,28,29,23,62,69,99,59,14,34,5,26,7,22,51,41,100,75,30,6,10,32,0,84,27,70,11,26,88,56,79,59,94,68,65,29,13,78,80,29,44.5375
86,100,100,56,11,99,100,71,11,0,70,4,6,2,3,54,74,8,13,22,14,0,0,11,14,43,53,14,0,11,28,17,0,45,0,0,28,61,41,55,22,58,31,18,45,11,11,14,50,35,28,35,45,41,19,25,0,45,47,30,26,34,16,43,2,60,44,7,0,0,31,10,61,95,73,38,45,55,35,57,33.3375
60,60,47.98701299,39,50,55,61,40,37,50,60,50,35,29,71,50,50,32,29,50,10,71,72,21,47.98701299,42,66,36,50,47.98701299,61,50,50,40,50,38,65,60,61,29,14,68,65,61,27,12,21,50,50,61,30,41,15,50,50,30,50,50,31,50,61,70,70,61,31,68,66,70,9,30,66,65,40,73,50,70,50,36,68,35,47.98701299
0,66,32,71,20,46.76623377,20,70,80,46.76623377,70,46.76623377,31,22,13,72,90,21,71,69,70,64,33,71,32,20,29,31,21,64,20,66,63,20,77,13,28,21,66,22,30,29,23,12,65,37,75,68,69,30,70,31,40,64,69,93,23,33,66,31,33,25,24,72,68,32,26,71,70,70,89,71,28,9,29,72,71,30,33,71,46.76623377
71,84,19,61,15,48.85714286,19,73,21,0,6,27,22,10,5,10,9,3,1,11,74,10,37,81,19,20,81,16,0,16,30,17,65,62,72,27,12,69,35,29,74,66,74,40,35,71,33,39,38,33,31,29,34,75,67,71,28,33,65,67,66,61,71,45,39,38,46,70,38,57,69,73,71,58,58,38,63,34,43,39,42.09821429
71,50,70,71,26,60,41,50,15,9,34,5,12,6,1,9,13,13,9,0,78,74,81,1,100,74,59,15,34,79,6,50,60,50,81,50,89,16,0,1,50,50,43,57,25,48,0,12,0,5,72,28,50,50,50,0,53,50,50,61,75,24,89,50,0,0,0,74,50,50,66,73,60,80,50,77,50,62,50,63,42
62,83,36,67,79,87,73,7,84,23,91,89,24,72,77,99,85,67,75,78,75,82,82,59.37974684,87,0,19,78,74,25,6,6,94,80,23,88,100,79,60,75,14,25,79,72,85,27,7,79,80,97,21,100,20,77,81,18,100,85,1,25,66,34,27,15,92,86,81,13,12,26,27,20,70,71,83,58,69,73,85,99,59.37974684
70,50,19,66,40,50,61,19,50,41,90,68,58,64,57,50,69,57,38,66,62,64,63,43,50,61,31,67,43,89,63,69,54,67,63,50,64,58,50,42,61,40,56,66,63,64,63,100,59,73,58,50,50,63,40,61,66,65,59,66,50,56,71,65,50,50,58,65,61,50,62,60,64,50,63,61,71,66,67,82,58.5125
83,66,22,57.42857143,56,81,37,57,12,83,9,81,40,10,34,41,14,0,1,8,34.87933415,24,16,15,24,34,23,34.8796103,9,14,41,32,34.8796103,11,5,71,16,34.8796103,35,23,78,67,24,58,34.8796103,35,66,15,0,35,39,22,32,62,30,57,58,34.8796103,60,35,71,20,6,82,63,81,33,33,60,14,37,24,38,47,83,31,71,92,63,60,39.70882446
89,59,72,17,13,75,0,61,0,87,3,0,13,50,36,0,0,57,0,4,0,19,31,23,50,19,23,0,0,0,0,0,0,8,0,0,17,0,0,11,0,0,27,0,55,51,0,100,21,0,25,15,0,9,0,56,0,0,65,81,0,25,74,0,72,51,68,68,11,0,88,63,75,5,80,90,59,81,67,30,29.3625
95,51,3,85,93,47,96,94,73,30,99,92,13,18,73,89,70,75,13,19,35,56,80,41,18,42,64,58,39,53,67,28,29,89,66,75,64,49,75,46,72,66,85,66,25,55,55,35,68,61,46,40,70,75,11,71,92,48,81,55,30,77,75,65,32,37,34,76,61,69,74,46,35,17,86,75,42,37,25,85,56.9625
62,20,65,58,37,59,88,66,57,19,22,29,36,10,26,42,24,52,56,71,0,1,5,45,53,4,48,47,3,4,32,40,0,35,35,51,94,1,40,20,47,44,3,5,1,83,4,26,47,29,4,86,17,7,46,4,78,100,4,46,41,45,25,7,51,34,5,19,32,34,36,24,65,80,30,57,37,32,98,30,36.5
40,55,19,52,90,61,100,82,84,95,79,91,60,14,94,10,71,68,69,100,100,85,94,95,85,67,69,0,86,51,78,86,90,68,73,91,51,52,51,79,51,56,88,51,91,60,43,69,74,55,92,89,66,38,88,41,54,48,38,95,63,67,46,25,84,41,62,79,30,59,100,89,87,78,58,65,71,46,65,73,67
76,34,86,15,86,91,77,86,86,91,24,81,67,70,17,65,87,74,74,87,20,76,45,65,50,72,75,88,79,40,57,90,37,66,26,25,69,32,29,28,65,76,82,72,64,78,79,80,78,61,69,68,34,73,78,70,18,18,69,69,73,85,53,73,30,84,81,61,73,69,75,63,85,69,26,50,72,84,35,67,63.15
40,19,61,22,26,77,64,61,74,60,58,51,55,29,26,31,61,62,0,11,55,57,40,74,62,58,61,36,74,0,28,25,63,17,81,41,37,65,59,57,62,66,33,66,56,57,61,41,43,39,33,25,39,46,58,78,39,72,44,42,22,35,32,61,40,31,41,59,57,38,69,47,30,40,35,69,35,40,35,36,46.625
25,80,25,76,22,26,34,72,6,32,33,0,24,37,78,37,10,28,26,32.73015873,72,40,0,19,40,78,39,24,0,24,21,35,25,31,27,30,32,72,35,27,21,0,14,22,30,38,100,33,99,6,20,0,0,14,25,34,27,70,71,69,7,26,79,24,21,24,27,25,73,31,22,28,24,18,76,73,71,75,6,88,36.07162698
60,71,32,59,82,64,61,57,65,28,3,0,30,0,1,0,0,19,21,0,73,60,59,40,26,0,21,28,0,0,10,2,35,30,19,12,19,23,25,7,1,15,55,23,58,28,18,3,14,17,2,4,10,4,4,37,5,10,8,0,60,7,4,3,8,6,1,0,2,10,25,7,7,15,61,15,68,55,42,55,23.8625
74,74,70,90,40,35,66,28,10,60,60,57.88311688,56,68,37,45,64,57.88311688,58,47,61,57.88311688,40,60,60,64,46,56,27,58,51,39,61,45,57,69,59,61,41,59,59,67,59,51,59,58,68,77,73,67,60,60,67,61,56,68,45,54,68,61,81,72,51,45,61,56,78,43,60,73,66,63,42,61,66,36,64,62,77,66,57.88311688
54,20,71,18,80,51,87,51,23,0,20,6,28,30,0,18,52,4,0,83,5,39,32,35,21,0,52,45,29,1,3,38,48,52,32,32,25,39,11,28,46,14,45,44,36,20,7,28,68,17,65,16,61,12,28,80,27,24,15,52,5,32,16,12,69,71,25,57,61,27,26,32,85,66,70,22,76,26,72,40,35.725
25,69,62,45,32,68,0,0,0,0,0,31,0,0,74,1,0,93,0,0,0,0,73,0,0,0,0,0,72,0,0,0,74,0,0,0,0,1,0,0,0,69,66,0,0,0,0,73,0,0,67,0,67,0,100,75,75,68,0,70,71,13,0,49,82,68,21,0,0,0,0,100,100,2,3,24,100,63,77,69,28.65
66,40,84,67,35,76,58,34,28,59,38,41,40,58,60,76,28,74,62,68,31,29,29,60,38,67,32,34,37,58,37,13,44,38,70,37,61,61,36,24,39,61,68,40,66,74,36,22,28,28,26,67,31,66,35,63,59,36,33,29,63,31,24,41,59,66,50,40,30,39,44,73,32,36,41,62,57,32,28,62,46.8125
47,65,92,71,88,44,62,66,21,63,21,37,5,42,5,12,56,46,0,32,62,38,83,49,12,40,0,32,50,33,45,62,67,24,50,45,10,0,29,30,3,10,24,74,23,57,81,0,46,0,15,34,1,30,9,15,44,0,29,0,66,0,1,62,2,0,62,66,50,54,0,0,49,42,69,54,50,82,62,52,36.925
23,6,67,17,82,33,66,72,44,78,35,80,79,13,76,82,16,86,37,64,69,27,69,37,68,24,82,10,78,77,76,52,29,27,67,77,30,75,21,30,76,61,78,76,75,73,56,29,34,38,30,66,80,72,76,77,24,37,74,30,42,74,35,69,75,30,25,70,78,40,34,72,75,78,34,75,60,39,67,34,54.3625
39,19,92,82,94,9,96,31,14,76,39,0,35,18,90,100,44,100,63,37,81,29,20,63,39,77,67,68,65,68,34,66,73,84,31,76,31,11,66,7,85,62,11,25,0,60,0,64,43,29,25,25,97,77,81,93,77,74,96,83,33,90,14,0,21,20,30,9,85,92,82,94,91,75,26,18,71,84,75,19,53.375
61,76,85,64,35,75,36,26,21,31,15,47,29,35,66,23,33,73,29,20,19,77,32,73,65,38,28,71,27,77,31,62,68,21,35,77,42,28,26,75,59,16,65,32,30,58,28,10,63,60,12,64,28,23,27,22,80,6,77,21,22,12,68,26,72,31,75,16,15,72,75,21,78,79,14,83,21,11,78,84,44.825
100,100,0,8,66,13,77,10,82,70,67,69,79,75,68,59,65,42,65,56,78,79,74,53,72,70,75,76,75,74,21,62,54,55,57,72,77,65,16,71,17,19,49,40,26,84,77,58,34,80,24,60,61,48,48,78,71,22,77,74,75,68,69,70,63,68,70,64,65,24,23,76,25,73,71,69,34,75,73,73,59.025
20,85,77,100,96,13,22,71,43,74,26,0,10,43,87,63,26,82,17,27,5,52,6,80,5,61,27,77,7,56,0,35,3,20,0,21,0,0,86,61,30,93,62,25,0,34,92,65,94,17,71,77,60,46,0,0,83,57,20,62,8,71,0,5,0,5,83,62,57,4,8,100,63,63,23,15,35,66,41,83,42.05
33,71,24,64,35,48,41,41,53,31,62,70,83,63,30,63,38,60,56,62,59,42,58,41,62,49,52,43,60,35,62,30,41,84,72,36,73,52,32,72,5,51,54,92,40,61,62,62,63,7,65,61,57,39,39,62,63,62,65,37,63,33,49,63,62,37,64,36,37,63,39,61,65,38,40,61,41,55,60,62,51.9875
71,62,71,62,82,90,71,59,22,0,21,6,0,0,21.3114754,9,0,14,0,5,22,21.3114754,19,0,6,7,0,0,21.31147541,5,45,16,37,97,71,23,3,5,72,51,0,21,1,0,12,90,2,80,7,1,3,50,29,3,56,17,8,0,2,46,54,28,0,5,0,66,50,3,2,8,100,0,62,44,0,79,41,74,68,8,28.84918033
80,20,30,90,57,20,80,100,70,20,85,90,100,20,74,78,15,81,40,100,90,69,100,75,72,84,27,100,89,20,69,7,93,90,83,21,91,100,83,81,79,87,20,82,15,90,20,84,100,83,83,77,30,88,80,100,80,100,14,90,90,30,82,30,89,63,100,74,19,80,75,24,30,71,75,61,60,76,81,29,66.6875
31,78,80,30,17,34,73,38,56,37,61,64,68,32,61,67,54,62,63,66,67,52,62,61,41,38,57.33928571,50,50,50,50,57.3392857,45,61,54,63,60,60,57,57.3392857,57.3392857,47,65,65,64,57.3392857,68,61,56,62,50,50,50,52,64,58,67,66,64,62,65,69,66,74,52,50,52,57.3392857,57.3392857,57.3392857,50,50,52,41,72,69,77,72,69,69,57.14642857
70,32,28,46,90,79,86,39,35,92,84,64,35,34,63,63,29,61,34,62,62,75,65,14,17,12,37,71,60,14,25,20,63,67,23,27,18,24,73,29,21,61,6,19,68,69,68,62,83,74,71,69,34,78,30,26,27,25,72,29,34,29,29,62,39,81,72,73,68,35,24,69,61,82,27,27,73,71,73,69,50.15
99,29,81,39,99,70,0,60,61,0,9,0,71,19,31,71,0,91,30,82,9,0,19,0,31.19047619,0,0,30,18,8,50,50,30,40,100,62,72,0,20,70,20,30,63,18,58,8,67,32,28,11,39,7,20,0,31,13,50,50,0,50,0,50,0,59,60,9,0,0,0,49,50,50,100,50,70,71,100,32,26,25,36.83988095
62,30,75,75,81,63,79,20,55,51,71,61,51,27,72,95,37,67,25,45,36,83,38,77,33,78,15,20,64,1,55,5,29,61,83,65,15,3,13,72,62,45,63,61,81,73,79,45,66,66,71,100,66,70,85,73,15,39,79,57,59,51,81,82,78,74,31,71,69,93,54,69,61,79,85,69,77,34,87,88,58.45
70,61,56,0,65,35,10,81,50,29,61,60,71,40,40,20,60,30,20,10,19,20,0,40,65,39,61,39,61,0,40,0,60,55,0,60,27,41,0,59,0,26,0,30,61,0,0,0,61,0,0,0,22,100,64,0,32,79,0,40,23,25,0,55,0,30,0,0,26,0,13,0,50,27,7,27,40,57,71,74,32.4375
61.72151899,82,72,100,20,39,77,92,64,84,72,100,55,88,50,69,39,45,84,78,37,96,56,62,21,38,13,75,52,90,85,36,57,68,48,32,41,57,60,72,76,44,35,55,72,42,32,32,68,33,36,61,65,70,78,84,79,77,74,94,78,50,65,72,50,93,71,31,86,45,81,76,35,68,74,79,35,27,68,79,61.72151899
75,30,15,60,70,5,80,58.05063291,76,75,20,80,75,80,50,80,90,65,75,90,71,70,10,100,30,80,75,79,60,49,0,50,91,70,21,25,70,60,70,100,59,30,76,70,61,18,81,86,14,60,70,70,60,91,29,60,54,70,80,90,5,60,14,70,86,61,15,61,60,65,35,76,25,60,25,30,71,61,29,76,58.05063291
40,82,81,60,71,50,70,63,50,10,18,0,0,6,0,0,60,8,0,0,20,20,20,0,100,19,71,55,51,0,28,50,0,70,60,17,71,81,85,0,0,92,0,100,0,0,0,51,50,0,70,71,50,50,16,0,0,16,0,59,0,9,2,82,0,61,50,65,31,30.53968254,29,0,81,1,4,1,68,64,93,62,35.56924603
71,50,81,92,31,9,28,50,79,44,47,21,30,0,50,4,11,81,64,13,0,69,50,41,50,0,43,10,0,16,27,64,0,18,27,79,20,91,59,50,38,0,30,57,13,7,0,51,42,27,9,0,26,9,0,15,6,50,29,37,0,25,16,0,20,32,19,15,93,4,3,0,3,19,78,68,50,50,35,50,32.45
91,51,61,67,79,84,66,78,80,86,80,31,94,68,82,72,69,96,77,41,71,7,70,84,66,73,81,83,61,75,84,72,64,91,51,62,84,73,65,67,44,88,36,71,25,74,50,73,82,92,19,31,42,73,60,80,71,66,43,70,69,65,66,70,67,68,76,65,78,64,32,67,60,70,65,71,59,38,56,83,66.45
80,0,100,86,86,100,66,70,62,93,77,67,68,25,80,93,82,85,25,100,81,71,89,81,100,82,79,72,8,50,73,85,100,86,15,71,85,84,95,60,83,80,91,71,62,82,88,22,72,100,73,24,86,100,90,72,70,75,70,20,70,95,90,75,85,100,80,73,100,50,86,80,75,100,77,94,9,85,31,70,73.35
60,30,67,65,84,68,43,69,71,0,56,51,79,43,60,76,58,43,30,0,33,36,0,42,8,54,5,65,41,44,0,35,52,0,29,53,66,0,5,61,17,0,0,58,20,0,4,2,0,58,34,54,48,31,37,27,65,0,20,45,0,24,6,12,41,44,0,0,0,0,6,0,70,61,75,55,51,51,53,56,35.0875
71,70,61,30,82,29,100,81,76,10,51,9,8,29,10,70,18,23,41,0,35,19,21,0,21,67,87,71,70,4,50,23,14,0,88,0,15,53,68,26,67,1,23,21,64,14,81,25,72,11,12,65,84,8,56,13,24,23,0,30,19,18,17,61,2,37,25,12,64,9,62,62,86,16,17,64,88,69,68,23,38.925
100,30,100,60,9,70,30,60,70,10,0,80,80,85,70,60,70,70,60,30,60,29,29,0,18,9,71,80,60,100,82,71,81,18,60,60,29,81,60,59,61,0,61,19,80,70,29,61,72,71,18,70,39,60,70,40,60,29,39,59,20,30,61,10,19,9,9,10,61,81,20,70,61,71,9,59,61,40,30,72,50.15
60,30,51,71,80,62,20,71,20,40,80,61,100,42,62,61,20,72,100,65,32,80,34,0,60,75,64,37,66,32,0,63,52.34177215,71,100,57,19,81,20,0,66,29,64,51,30,0,78,29,30,72,29,44,73,69,66,75,67,24,40,99,18,61,48,65,81,59,67,56,49,72,62,0,62,56,41,68,56,58,34,28,52.34177215
6,75,67,70.14285714,94,81,76,92,24,44,76,25,56,76,36,12,22,22,60,84,24,50,73,75,35,67,78,5,24,75,76,66,87,24,64,37,26,79,40,14,58,73,39,73,64,11,74,24,13,68,65,23,0,0,61,64,0,65,75,35,70,65,37,32,66,97,77,83,61,56,36,32,72,35,70,94,66,59,63,71,53.05178571
29,82,60,40,19,20,92,40,40,35,25,53.51282051,34,59,70,72,82,31,70,19,68,72,62,28,29,22,46,79,21,76,77,59,19,70,43,69,80,63,36,58,40,66,59,39,59,39,65,68,65,68,42,64,61,60,38,64,65,30,71,35,63,53.51282051,66,65,44,67,36,62,36,66,66,55,28,64,65,38,69,78,39,73,53.51282051
38,28,28,71,38,59,62,43,40,41,40,43,55,46,63,43,44,37,47,44,37,46,46,43,45,42,43,42,45,42,37,31,36,55,36,36,36,40,40,55,42,51,48,57,45,45,43,55,45,54,46,54,56,54,54,56,54,48,53,48,53,46,53,53,53,45,53,46,53,48,53,48,53,47,53,49,51,54,52,54,47.1
55,60,75,75,55,45,50,50,60,40,45,71,70,34,49,59,61,60,45,45,48,47,51,41,64,59,47,71,45,57,47,45,50,43,46,39,38,31,60,67,65,60,56,42,42,40,36,58,43,43,61,61,51,61,45,41,61,57,39,56,33,41,39,47,58,43,60,47,61,51,62,47,49,49,50,51,59,58,50,51,51.55
23,100,75,35,77,61,61,86,0,11,45,8,65,37,17,81,32,9,89,29,0,18,37,0,16,15,0,20,0,71,72,0,87,0,0,0,84,0,2,31,81,0,81,0,69,74,73,21,75,84,69,99,0,11,63,13,0,70,80,0,76,20,67,6,4,8,25,28,11,18,0,14,78,67,75,1,68,64,85,22,38.675
71.51282051,91,91,81,100,100,70,60,60,71.51282051,100,81,28,18,0,40,100,40,100,100,46,59,82,38,71,82,90,8,61,100,100,19,60,29,81,100,82,100,82,99,81,39,29,58,82,100,71,53,82,4,97,57,71,100,5,82,100,100,100,83,80,100,100,63,100,80,63,72,100,82,81,70,89,28,70,100,100,18,80,59,71.51282051
61,67,52.71428571,60,39,20,71,51,0,81,30,10,40,5,0,0,0,0,40,20,0,14,75,71,0,0,19,85,20,60,0,12,0,0,10,25,5,70,0,0,10,0,40,0,0,0,0,19,0,0,14,0,5,70,50,0,65,0,60,0,0,51,29,0,30,40,0,30,9,75,5,55,90,9,4,95,95,74,39,86,28.28392857
87,66,33,63,92,80,25,64,0,76,19,72,69,0,55,9,0,18,42,0,1,0,38,66,0,0,0,0,4,56,65,24,3,29,100,16,15,30,0,8,0,5,9,0,65,6,33,0,0,0,19,0,7,0,0,0,0,0,0,5,8,40,22,32,6,0,0,21,0,0,0,8,63,72,80,79,100,60,62,91,27.725
10,92,74,86,16,58,53.17721519,67,55,14,33,60,63,0,76,34,50,68,46,45,76,61,59,78,64,42,41,46,68,44,89,61,62,60,44,55,38,66,65,38,63,40,21,14,68,25,59,30,45,60,91,25,63,76,47,100,60,72,10,63,65,86,34,66,44,3,45,55,61,65,80,59,45,75,65,62,40,24,49,42,53.17721519
40,63,82,72,81,50,56,60,60,74,73,69,85,66,70,100,9,9,83,76,72,0,70,73,34,55,74,69,81,0,30,58,1,100,80,72,58,19,0,39,91,78,33,41,29,36,56,79,30,63,78,44,0,65,0,32,100,100,27,37,37,22,77,7,0,0,4,95,50.04761905,52,70,11,84,77,94,71,75,89,85,100,54.77559524
60,51,80,90,70,20,90,0,0,77,97,31,47,80,15,35,29,72,74,100,78,2,55,83,62,29,70,82,75,31,75,69,83,73,71,79,27,23,77,77,67,84,89,70,23,28,71,72,27,80,30,72,100,15,57,81,74,91,81,33,77,83,78,75,68,27,73,81,86,0,83,70,14,73,81,80,76,28,80,19,60.45
38,19,70,81,25,81,83,28,89,9,2,23,74,18,90,14,22,25,78,24,10,80,27,85,22,78,23,13,70,33,27,12,28,2,24,12,73,28,16,19,22,21,70,28,70,21,65,72,30,72,24,19,0,23,15,33,24,72,0,0,1,5,5,34,81,63,63,1,33,28,18,77,73,60,18,26,24,70,31,28,37.4375
21,90,100,81,54.81012658,85,51,73,74,78,62,92,33,76,51,66,53,34,20,20,51,17,29,79,33,69,35,22,60,51,75,10,85,52,73,61,90,59,88,22,5,51,68,26,40,66,62,25,41,36,34,8,76,65,74,74,10,56,80,59,75,26,5,65,65,84,80,56,81,59,65,67,81,56,29,70,68,63,51,7,54.81012658
76,34,78,77,81,74,75,33,85,16,62,35,57,61,62,78,75,33,84,42,37,44,41,87,63,41,78,46,44,76,64,73,42,64,70,43,41,55,61,37,68,57,43,55,55,69,43,51,90,58,63,43,61,56,56,55,66,65,64,58,60,60,66,56,62,34,65,63,64,60,59,63,67,44,41,62,66,65,64,35,58.2125
70,60,55,30,0,80,65,25,0,30,50,0,0,0,60,60,25,0,0,65,0,0,0,25,0,15,0,70,100,0,0,30,40,22.22222222,15,0,75,0,0,0,35,0,70,85,0,0,90,0,0,15,40,0,0,20,100,0,70,20,30,65,0,0,35,0,0,0,0,5,0,35,25,0,100,70,80,50,10,65,0,80,28.27777778
75,80,30,20,30,65,65,80,65,65,70,80,65,65,80,55,40,60,60,70,60,75,45,35,10,65,65,65,40,70,65,55,40,55,75,65,30,70,65,30,65,35,70,65,30,40,75,80,45,35,15,65,65,75,70,35,40,40,35,65,60,65,15,25,35,35,70,65,40,55,55,65,60,35,70,35,62,55,80,10,54.2125
81,30,81,94,75,78,71,29,0,10,13,6,0,1,12,0,18,70,72,0,34,3,20,11,15,0,62,27,71,72,70,75,0,54,22,58,7,7,0,0,77,7,7,24,7,18,0,1,11,76,0,64,72,0,0,81,21,74,11,8,70,0,28,75,65,80,7,70,65,72,20,23,25,67,69,75,24,29,44,80,36.2
36,55,63,76,38,68,51,12,64,70,32,33,51,8,51,0,37.11111111,18,90,50,51,49,39,19,75,51,51,25,0,73,41,51,49,63,51,51,56,7,51,0,32,44,28,46,51,0,0,0,67,9,12,55,0,51,50,51,49,50,0,49,48,69,30,28,0,82,0,13,53,34,17,0,1,25,19,58,53,49,68,49,38.70138889
76,24,65,70,91,51,64.28571429,73,0,10,0,51,60,80,70,40,82,8,0,51,30,79,51,0,62,0,51,51,20,91,60,0,60,51,0,62,9,10,90,80,51,80,98,51,91,80,86,31,80,0,87,25,100,65,7,75,100,87,16,51,69,51,70,70,95,29,48,51,70,10,90,20,100,81,80,84,92,70,51,14,54.11607143
26,83,68,0,94,41,39,17,80,84,41,72,32,85,76,72,11,70,61,72,40,80,20,68,41,91,61,67,20,4,65,13,90,19,95,10,21,65,42,4,15,100,31,68,61,86,63,72,69,40,19,68,73,92,86,79,71,92,11,8,80,71,79,73,30,65,71,86,65,82,83,77,9,3,87,57,76,69,71,65,56.7875
85,100,90,85,90,100,90,85,100,71.21794872,60,90,90,50,65,10,85,85,80,80,40,85,85,75,20,35,85,70,65,90,35,80,85,80,85,90,90,95,80,80,71.21794872,85,60,90,75,80,90,70,40,75,65,30,80,70,80,75,90,40,85,80,90,75,65,45,90,35,65,60,70,70,55,90,30,70,75,60,40,40,35,65,71.21794872
70,11,69,15,23,90,28,61,40,5,0,0,13,5,35,62,50,24,64,20,8,0,0,10,3,2,65,7,0,76,75,75,7,0,34,8,55,1,81,68,75,4,6,12,61,43,0,0,0,0,0,8,6,65,79,80,7,15,7,58,21,6,4,64,65,8,0,67,29,3,54,0,16,69,48,83,53,78,13,16,31.0375
61,71,62,39,34,41,78,60,73,45,78,60,64,72,77,68,59,47,51,75,37,78,60,87,59,39,69,40,26,74,44,40,30,22,63,36,75,40,73,61,65,58,33,33,71,84,63,77,93,35,42,36,75,60,78,71,64,61,86,36,30,77,73,73,72,65,40,61,39,95,68,61,64,66,64,76,36,39,70,38,58.7
74,26,74,13,77,84,65,27,26,27,19,27,31,26,8,42,15,38,38,63,36,69,70,59,67,68,77,10,70,73,15,32,14,18,75,35,11,66,15,15,93,83,85,79,38,76,80,21,71,13,88,18,73,29,23,80,80,85,36,36,37,78,34,41,42,37,6,32,62,32,72,40,38,27,99,31,44,27,76,30,47.0875
20,57,70,20,40,36,0,66,63,75,31,38,13,89,51,96,40,70,42,5,12,39,63,51,70,79,63,0,80,41,14,31,76,31,92,81,21,5,41,46.39240506,27,59,18,55,0,88,44,30,22,67,92,76,56,16,42,17,42,61,92,74,39,59,78,32,41,61,91,44,0,11,68,96,58,24,28,45,0,0,0,100,46.39240506
71,78,81,100,73,52,86,72,69,82,17,77,32,58,0,15,68,7,30,60,17,15,92,29,28,0,43,100,0,63,89,23,19,10,25,25,7,14,37,72,75,28,87,100,24,0,66,81,0,16,48,0,0,11,57,0,33,75,65,20,0,0,1,85,25,52,26,7,36,62,0,79,61,59,81,70,86,62,48,83,44.3125
67,80,89,83,78,72,85,31,32,95,11,36,34,68,85,9,61,60,76,83,81,73,70,25,31,45,30,70,66,41,32,79,66,79,25,81,76,76,73,34,66,68,64,71,78,74,25,72,25,35,26,28,81,74,71,68,82,37,73,36,75,87,75,29,33,76,30,71,30,89,7,81,71,37,72,72,69,21,30,76,58.4125